data_year,suspected_drug_type_id,property_id,est_drug_qty,drug_measure_type_id,nibrs_suspected_drug_id
2024,12,187585741,4.005,9,18248761
2024,15,187585741,11.000,9,18248762
2024,5,186839119,1.333,3,18132171
2024,8,189009983,0.010,1,18463009
2024,12,192919769,2.000,1,19030683
2024,2,192919787,0.100,1,19030684
2024,2,194853510,6.000,1,19299775
2024,11,194853510,114.000,1,19299776
2024,1,197425397,0.160,1,19655294
2024,1,194853532,6.000,1,19299779
2024,12,194853532,5.000,1,19299780
2024,2,194853534,0.001,1,19299781
2024,5,193168528,20.000,1,19067095
2024,5,193168532,2.000,3,19067096
2024,2,188489810,3.040,1,18382712
2024,1,188489810,3.560,1,18382713
2024,17,188489810,40.072,1,18382714
2024,5,180024893,1.000,1,17104644
2024,12,197427362,1.000,1,19656042
2024,16,181373983,36.000,9,17301457
2024,5,185408839,54.000,1,17923924
2024,5,182777655,10.089,1,17513555
2024,5,181373984,4.006,3,17301458
2024,5,185408854,7.880,1,17923925
2024,8,183922789,3.000,3,17685910
2024,11,183922789,1.000,3,17685911
2024,1,183922790,4.410,1,17685912
2024,2,180024907,1.350,1,17104645
2024,16,180861603,37.000,1,17224006
2024,1,196749137,1.000,1,19556167
2024,16,196749137,2.000,9,19556168
2024,5,188489084,1.000,3,18382675
2024,16,183012942,34.000,9,17548207
2024,16,183012942,8.009,1,17548208
2024,12,183012945,7.900,1,17548209
2024,12,183012946,7.000,1,17548210
2024,2,183012946,2.000,1,17548211
2024,12,184639569,7.006,1,17801665
2024,16,185407835,5.000,9,17923778
2024,17,192486749,4.000,1,18966697
2024,8,184639574,55.000,9,17801667
2024,15,186839202,1.000,9,18132175
2024,16,180861626,1.000,1,17224007
2024,2,184639581,1.000,1,17801669
2024,16,194216446,4.000,1,19215004
2024,8,180861627,1.000,1,17224008
2024,17,192486805,1.000,9,18966703
2024,5,184639585,1.000,7,17801670
2024,5,184639588,1.000,1,17801671
2024,5,195366951,1.000,3,19371957
2024,5,181372512,3.000,1,17301332
2024,8,184639598,1.000,9,17801672
2024,12,185407844,22.000,1,17923780
2024,16,185407844,6.000,9,17923781
2024,8,185407845,40.000,9,17923783
2024,8,186839204,4.000,1,18132176
2024,1,186839207,2.000,1,18132177
2024,5,185407865,1.000,7,17923786
2024,5,185407867,2.000,7,17923787
2024,8,190856203,4.000,1,18731284
2024,2,190856203,12.000,1,18731285
2024,12,186839208,1.000,9,18132178
2024,15,186839208,14.000,9,18132179
2024,16,186839208,8.000,9,18132180
2024,5,185407869,1.000,7,17923791
2024,5,186839209,2.000,1,18132181
2024,16,186839211,5.000,1,18132182
2024,12,186839213,49.000,1,18132183
2024,5,188489103,1.000,1,18382676
2024,5,180861635,5.000,9,17224009
2024,2,192486808,2.000,1,18966704
2024,11,188489115,13.000,1,18382678
2024,8,188489115,9.000,1,18382679
2024,17,188489115,2.000,9,18382680
2024,12,188489116,5.000,1,18382681
2024,8,188489116,1.000,1,18382682
2024,12,189620860,1.000,1,18554753
2024,17,189620860,5.000,9,18554754
2024,12,189620865,11.006,1,18554755
2024,8,189620865,4.800,1,18554756
2024,1,189620865,1.000,1,18554757
2024,12,188489131,1.000,1,18382688
2024,2,180861637,5.006,1,17224010
2024,1,180861637,3.300,1,17224011
2024,17,180861637,3.000,9,17224012
2024,9,189620879,1.000,9,18554758
2024,12,189620883,70.000,5,18554759
2024,12,189620887,16.000,9,18554760
2024,16,189620889,1.000,1,18554761
2024,1,190856206,0.007,1,18731287
2024,4,190856206,0.006,1,18731288
2024,8,192486809,1.000,9,18966705
2024,5,180861641,59.000,1,17224013
2024,3,190856212,1.000,7,18731290
2024,2,192486810,6.000,1,18966706
2024,12,192486810,33.500,9,18966707
2024,1,190856216,4.000,1,18731294
2024,4,190856216,3.000,1,18731295
2024,8,190856216,27.000,9,18731296
2024,2,190856224,77.004,1,18731297
2024,5,190856225,1.000,1,18731298
2024,2,192486814,1.000,1,18966709
2024,7,192486814,10.000,9,18966710
2024,1,190856228,1.000,1,18731301
2024,2,192486824,1.000,1,18966711
2024,12,192486824,47.000,9,18966712
2024,5,192486833,1.000,7,18966713
2024,15,192486839,2.000,9,18966714
2024,5,192486840,1.130,4,18966715
2024,2,192486845,2.700,1,18966717
2024,8,194216501,1.000,1,19215007
2024,5,194216502,1.000,7,19215008
2024,5,194216505,1.000,7,19215009
2024,8,181372588,1.000,1,17301339
2024,5,194216517,1.000,7,19215010
2024,13,194216519,1.000,9,19215011
2024,5,194216521,1.000,7,19215012
2024,2,194216522,3.005,1,19215013
2024,1,194216522,0.008,1,19215014
2024,16,194216522,40.500,9,19215015
2024,5,195366998,1.000,7,19371958
2024,12,195367005,4.000,9,19371959
2024,8,195367005,4.000,9,19371960
2024,5,195367010,1.000,1,19371961
2024,2,181372594,2.400,1,17301340
2024,5,194853841,1.000,11,19299796
2024,2,188149745,26.310,1,18333687
2024,16,188149745,13.000,9,18333688
2024,16,188149745,84.015,1,18333689
2024,13,194853849,1.000,9,19299797
2024,4,194853849,50.000,5,19299798
2024,5,185815883,7.870,4,17978189
2024,12,185815908,10.000,1,17978190
2024,5,191276929,0.083,3,18795570
2024,16,185815913,9.000,9,17978191
2024,12,194217694,2.100,1,19215143
2024,2,188489856,3.600,1,18382723
2024,7,188489856,3.500,1,18382724
2024,12,186839857,2.000,1,18132204
2024,15,194217698,9.400,1,19215144
2024,8,188489862,0.900,1,18382725
2024,2,188489865,1.000,1,18382726
2024,8,188489870,66.600,1,18382727
2024,12,188489888,1.000,1,18382728
2024,16,188489888,0.390,1,18382729
2024,11,190856920,1.000,11,18731334
2024,16,180025050,2.000,9,17104647
2024,1,188489893,1.000,1,18382731
2024,5,180025053,12.235,3,17104648
2024,2,189622621,12.700,1,18554918
2024,17,189622621,12.600,1,18554919
2024,12,189622626,1.400,1,18554920
2024,12,189622649,1.000,9,18554922
2024,12,190856922,10.009,1,18731335
2024,17,190856922,5.600,8,18731336
2024,1,184640642,3.009,1,17801755
2024,15,190856924,26.000,1,18731337
2024,1,189622669,2.600,1,18554926
2024,16,189622685,27.800,1,18554931
2024,1,190856927,9.100,1,18731338
2024,12,190856929,1.500,1,18731339
2024,16,183015203,1.600,1,17548458
2024,2,190856938,5.500,1,18731340
2024,7,190856938,3.500,1,18731341
2024,8,190856945,2.100,1,18731342
2024,1,185817292,2.001,1,17978289
2024,12,190856955,55.300,1,18731343
2024,8,190856955,9.600,1,18731344
2024,12,184640717,1.000,1,17801760
2024,12,190856965,6.600,1,18731345
2024,16,190856969,4.200,1,18731346
2024,2,192487110,0.900,1,18966740
2024,16,192487110,2.200,1,18966741
2024,8,194217703,2.000,9,19215145
2024,16,192487122,1.200,1,18966743
2024,5,192487128,3.000,3,18966744
2024,12,192487131,5.600,1,18966745
2024,8,192487131,2.500,1,18966746
2024,2,194217705,7.001,1,19215146
2024,16,188489921,0.200,1,18382735
2024,5,195747400,3.300,1,19424414
2024,1,194217709,0.200,1,19215148
2024,16,194217709,0.200,1,19215149
2024,8,183015269,5.600,1,17548461
2024,2,183015269,2.100,1,17548462
2024,12,183015269,0.300,1,17548463
2024,2,194217712,2.800,1,19215150
2024,13,194217712,4.000,1,19215151
2024,1,183015272,3.200,1,17548464
2024,15,194217721,5.000,1,19215152
2024,8,195747402,35.009,1,19424415
2024,2,195747402,124.009,1,19424416
2024,8,181731080,10.700,1,17350672
2024,15,181731082,11.300,1,17350673
2024,1,194217745,12.300,1,19215155
2024,8,195747408,54.000,9,19424417
2024,12,181731083,1.000,1,17350674
2024,12,194217756,6.000,1,19215157
2024,15,195747414,0.900,1,19424418
2024,8,195747415,0.300,1,19424419
2024,1,195747421,0.500,1,19424420
2024,1,195747422,12.000,1,19424421
2024,12,197427391,14.000,4,19656043
2024,12,195747438,2.500,1,19424423
2024,12,195747441,50.000,1,19424424
2024,2,197427394,1.700,1,19656044
2024,8,197427394,1.900,1,19656045
2024,15,197427394,13.000,9,19656046
2024,2,195747454,0.500,1,19424428
2024,2,195747456,4.800,1,19424429
2024,11,186839886,3.400,1,18132208
2024,2,181731092,0.500,1,17350675
2024,11,186839896,2.320,3,18132209
2024,13,188489934,15.100,1,18382736
2024,12,188489934,22.200,1,18382737
2024,1,183015287,2.700,1,17548465
2024,8,186839989,2.000,9,18132212
2024,1,188489952,7.005,1,18382738
2024,1,190856984,7.009,1,18731349
2024,2,194217772,2.100,1,19215160
2024,12,181731117,3.600,1,17350677
2024,15,183015325,1.000,9,17548466
2024,2,184640996,1.000,1,17801799
2024,16,184640996,0.600,1,17801800
2024,17,184640996,1.400,1,17801801
2024,1,184640999,6.004,1,17801802
2024,7,183015343,4.000,9,17548471
2024,12,183015347,6.001,1,17548472
2024,13,180025157,9.000,1,17104653
2024,8,188490145,0.500,1,18382740
2024,8,189622888,0.400,1,18554947
2024,15,189622888,1.006,1,18554948
2024,16,183015377,2.300,1,17548475
2024,12,189622987,0.100,1,18554956
2024,1,185817525,0.200,1,17978294
2024,8,190857126,0.300,1,18731355
2024,2,183015411,1.000,1,17548477
2024,1,194217795,0.020,1,19215161
2024,2,194217801,0.500,1,19215162
2024,15,184641043,0.800,1,17801805
2024,8,194217826,0.200,1,19215163
2024,12,184641045,0.500,1,17801806
2024,15,192487391,3.006,1,18966763
2024,5,192487396,3.000,3,18966764
2024,8,185817532,1.200,1,17978295
2024,5,185817532,9.000,1,17978296
2024,16,185817532,124.000,9,17978297
2024,12,185817534,3.300,1,17978298
2024,12,185817536,0.600,1,17978299
2024,12,184641065,1.500,1,17801813
2024,7,184641079,7.000,9,17801814
2024,1,184641091,2.700,1,17801818
2024,2,185817544,61.700,1,17978300
2024,13,185817544,1.000,9,17978301
2024,17,195747586,0.100,1,19424432
2024,12,184641106,1.200,1,17801827
2024,12,184641107,39.009,1,17801828
2024,8,184641107,0.300,8,17801829
2024,12,184641108,2.300,1,17801831
2024,2,184641111,0.500,1,17801833
2024,8,198895703,400.000,9,19872320
2024,8,184641118,5.000,1,17801834
2024,2,185817547,3.300,1,17978303
2024,12,185817549,1.500,1,17978304
2024,16,185817549,1.000,1,17978305
2024,1,185817550,1.000,1,17978306
2024,8,185817550,1.000,1,17978307
2024,2,185817561,3.600,1,17978308
2024,8,185817561,4.500,1,17978309
2024,13,180025235,9.000,1,17104654
2024,13,188490200,15.100,1,18382744
2024,12,188490200,22.200,1,18382745
2024,16,188490200,19.002,1,18382746
2024,16,186840131,3.500,1,18132219
2024,1,186840131,0.300,1,18132220
2024,16,186840133,4.150,1,18132221
2024,17,186840133,12.900,1,18132222
2024,11,186840136,2.300,1,18132223
2024,2,186840137,0.400,1,18132224
2024,2,186840145,18.700,1,18132225
2024,8,188490206,2.100,1,18382747
2024,5,186840154,1.000,3,18132227
2024,1,180025249,1.000,1,17104655
2024,17,183015552,2.000,1,17548495
2024,2,195368367,0.200,1,19372189
2024,1,188490211,1.100,1,18382748
2024,12,194218031,0.050,1,19215164
2024,8,180025284,34.000,9,17104656
2024,2,181373994,17.001,1,17301460
2024,9,189623191,1.000,9,18554967
2024,16,189623191,1.000,11,18554968
2024,5,190515550,23.800,1,18679822
2024,12,190515565,12.820,1,18679823
2024,2,194218044,2.600,1,19215165
2024,1,182777669,6.600,1,17513557
2024,12,182777670,0.500,1,17513558
2024,17,195368408,0.700,1,19372190
2024,1,197690403,3.500,1,19694550
2024,2,182777673,19.000,1,17513559
2024,1,182777673,8.300,1,17513560
2024,16,190515576,3.700,1,18679824
2024,17,190515576,2.005,1,18679825
2024,1,182777674,16.500,1,17513562
2024,12,182777674,1.005,1,17513563
2024,5,182777674,14.400,1,17513564
2024,2,183922799,1.100,1,17685914
2024,12,183922801,34.000,1,17685915
2024,1,183922801,13.300,1,17685916
2024,12,183922804,1.000,1,17685918
2024,12,180025294,0.500,1,17104657
2024,5,186543619,8.363,3,18089385
2024,12,186543620,1.900,1,18089386
2024,2,186543623,1.000,1,18089387
2024,5,186543626,84.300,1,18089388
2024,16,186543626,8.000,1,18089389
2024,8,180025301,6.000,1,17104658
2024,8,188490236,2.200,1,18382753
2024,1,188490248,4.003,1,18382760
2024,12,180025306,0.600,1,17104659
2024,2,188490254,4.800,1,18382764
2024,1,188490256,2.800,1,18382766
2024,12,188490257,1.900,8,18382767
2024,2,188490263,27.200,1,18382769
2024,1,188490263,2.200,1,18382770
2024,11,188490265,10.900,1,18382772
2024,12,189623214,1.200,1,18554973
2024,2,189623215,177.002,1,18554974
2024,12,189623215,41.000,9,18554975
2024,8,189623216,3.500,1,18554977
2024,1,189623220,4.400,1,18554978
2024,8,189623223,3.800,1,18554979
2024,12,189623224,1.000,1,18554980
2024,12,190515580,128.002,1,18679826
2024,5,190515581,2.000,1,18679827
2024,2,190515583,3.800,1,18679828
2024,16,195368416,3.006,1,19372192
2024,12,195368416,0.500,1,19372193
2024,1,195368416,0.400,1,19372194
2024,1,190515585,0.100,1,18679829
2024,12,190515586,3.000,1,18679830
2024,12,192919967,8.100,1,19030705
2024,8,192919967,4.900,1,19030706
2024,12,192919969,1.000,1,19030707
2024,2,192919973,5.800,1,19030708
2024,12,194218074,1.200,1,19215170
2024,16,194218077,5.000,9,19215171
2024,2,194218078,3.000,1,19215172
2024,8,194218078,0.200,1,19215173
2024,8,195368418,5.004,1,19372195
2024,16,195368419,1.300,1,19372196
2024,11,194218080,5.600,1,19215175
2024,12,194218081,0.900,1,19215176
2024,12,194218083,2.200,1,19215177
2024,2,187259067,1.000,1,18198932
2024,1,181374031,1.300,1,17301461
2024,9,195368421,1.000,1,19372197
2024,1,194218084,1.400,1,19215178
2024,12,192487514,1.000,1,18966765
2024,5,183922793,1.500,3,17685913
2024,8,189623168,3.000,9,18554966
2024,12,192487525,0.300,1,18966766
2024,5,192487526,16.250,3,18966767
2024,5,192487526,64.000,9,18966768
2024,12,192487527,2.500,9,18966769
2024,1,197690380,1.008,1,19694548
2024,5,189238171,8.890,4,18496615
2024,2,179565970,1.000,11,17046876
2024,5,194217665,7.284,3,19215141
2024,2,197688726,67.500,1,19694317
2024,12,197688726,1.000,11,19694318
2024,11,190514407,0.500,1,18679763
2024,5,190514408,3.800,1,18679764
2024,5,190514410,7.000,1,18679765
2024,5,190514413,5.900,1,18679766
2024,5,192132878,52.500,1,18913309
2024,5,193282250,1.000,7,19081983
2024,8,192132882,21.946,1,18913310
2024,5,185407975,28.800,1,17923793
2024,5,184284317,3.845,3,17745310
2024,5,184284317,109.000,9,17745311
2024,1,189621509,0.100,1,18554803
2024,1,189621510,0.100,1,18554804
2024,12,189621513,4.000,9,18554805
2024,4,187585773,0.300,1,18248770
2024,12,187585773,0.800,1,18248771
2024,11,187585774,31.500,1,18248772
2024,5,187585774,125.200,1,18248773
2024,1,193282449,3.300,1,19082001
2024,11,187585776,11.000,1,18248774
2024,4,196749695,0.100,1,19556229
2024,2,187585777,0.400,1,18248775
2024,12,189621519,1.000,9,18554806
2024,16,189621520,30.000,9,18554807
2024,2,180405475,3.300,1,17156130
2024,1,189621524,36.300,1,18554808
2024,11,193282530,10.800,1,19082006
2024,5,184284324,47.600,1,17745312
2024,8,193282533,9.000,9,19082007
2024,4,196749724,1.000,11,19556230
2024,1,196749724,7.000,1,19556231
2024,8,196749727,30.005,1,19556232
2024,2,196749727,2.200,1,19556233
2024,15,196749727,3.000,1,19556234
2024,8,196749728,30.005,1,19556235
2024,2,196749728,2.200,1,19556236
2024,15,196749728,3.000,1,19556237
2024,1,193282535,38.009,1,19082008
2024,2,181372936,3.000,1,17301365
2024,2,183014311,1.800,1,17548372
2024,11,187585787,1.000,11,18248776
2024,12,189621525,2.000,9,18554809
2024,12,184284349,0.300,1,17745315
2024,1,185816195,5.000,1,17978222
2024,8,185816195,3.000,9,17978223
2024,8,180405598,55.000,9,17156136
2024,2,188809262,10.000,1,18431222
2024,16,188809281,25.000,9,18431223
2024,2,188809308,5.000,1,18431225
2024,2,188809307,2.000,3,18431224
2024,2,189988597,2.000,3,18610193
2024,1,189988597,2.000,1,18610194
2024,2,188809328,17.000,1,18431229
2024,11,190856658,87.000,1,18731325
2024,2,189988657,1.300,1,18610197
2024,17,189988657,2.000,9,18610198
2024,17,193168356,1.850,1,19067088
2024,8,193168356,5.000,9,19067089
2024,1,180405664,4.000,1,17156139
2024,12,190856708,2.000,9,18731328
2024,2,190856717,7.000,1,18731329
2024,1,193168375,13.800,1,19067090
2024,1,181730762,1.000,1,17350603
2024,1,193168440,7.000,1,19067091
2024,1,193168441,1.000,1,19067092
2024,16,194853967,58.000,9,19299809
2024,2,194853981,4.500,1,19299810
2024,2,194853990,16.000,1,19299811
2024,2,198895410,11.000,1,19872294
2024,2,194853994,2.000,2,19299812
2024,1,194854016,22.000,1,19299813
2024,5,194854032,1.000,1,19299814
2024,1,194854057,2.500,1,19299815
2024,8,194854057,3.500,1,19299816
2024,5,197425702,15.700,3,19655325
2024,16,194854069,4.000,1,19299818
2024,8,194854069,101.000,9,19299819
2024,11,194854074,1.000,1,19299820
2024,1,181730799,3.000,1,17350604
2024,5,181730816,1.000,1,17350605
2024,16,183014346,5.500,9,17548375
2024,17,183014346,19.000,1,17548376
2024,1,183014349,0.008,1,17548378
2024,1,183014354,1.000,3,17548379
2024,1,183014356,1.000,3,17548380
2024,8,183014378,1.000,9,17548382
2024,5,180405690,1.000,11,17156140
2024,2,183014396,1.000,1,17548383
2024,1,183014421,0.500,1,17548384
2024,1,183014430,16.000,1,17548385
2024,1,185159961,18.000,1,17884378
2024,5,185159961,10.500,1,17884379
2024,12,181730817,1.800,2,17350606
2024,8,180405718,3.000,1,17156141
2024,5,187258864,10.000,4,18198920
2024,5,180405726,3.000,1,17156142
2024,5,180405726,10.000,7,17156143
2024,5,184284487,25.000,10,17745333
2024,5,184284487,1.000,11,17745334
2024,11,185816339,2.000,9,17978231
2024,1,186727978,0.500,1,18115087
2024,2,186727981,2.000,1,18115088
2024,5,185816342,6.013,1,17978232
2024,5,185816342,1.000,11,17978233
2024,5,185816342,2.000,9,17978234
2024,2,188809372,4.000,1,18431236
2024,2,179565991,27.000,1,17046877
2024,2,188809373,8.000,1,18431237
2024,4,188809373,1.000,1,18431238
2024,8,188809373,3.000,1,18431239
2024,1,192919872,1.000,1,19030695
2024,8,192919872,22.000,9,19030696
2024,15,192919873,38.000,9,19030697
2024,1,191276989,1.000,1,18795581
2024,2,181730854,1.000,11,17350608
2024,4,192919875,2.000,1,19030698
2024,12,192919875,1.000,9,19030699
2024,8,181730857,2.000,9,17350609
2024,7,183321246,6.000,9,17601672
2024,12,183321249,4.000,9,17601673
2024,5,183321250,13.000,3,17601674
2024,11,189622295,4.800,3,18554888
2024,11,189622295,1.000,11,18554889
2024,12,183321373,0.400,1,17601695
2024,15,183321374,10.000,9,17601696
2024,13,183321374,6.000,9,17601697
2024,16,183321374,1.000,9,17601698
2024,12,185817136,1.000,1,17978267
2024,1,184284640,0.600,1,17745395
2024,16,184284640,59.000,9,17745396
2024,16,184284640,1.300,1,17745397
2024,16,184284643,15.000,9,17745399
2024,12,185817138,1.500,1,17978268
2024,17,185817138,1.000,11,17978269
2024,2,185817139,0.070,1,17978270
2024,16,185817139,3.000,9,17978271
2024,13,185817139,15.500,9,17978272
2024,8,187258920,7.005,1,18198925
2024,2,187258927,2.600,1,18198926
2024,2,188489791,1.200,1,18382707
2024,12,188489791,50.000,9,18382708
2024,17,188489791,0.015,1,18382709
2024,8,188489793,1.000,1,18382710
2024,12,189622511,4.000,9,18554909
2024,8,189622511,8.005,9,18554910
2024,12,189622515,6.800,1,18554911
2024,2,189622516,3.300,1,18554912
2024,8,194855597,1.243,4,19300099
2024,2,194855597,4.900,1,19300100
2024,8,195368354,4.100,1,19372185
2024,1,195368354,0.600,1,19372186
2024,8,195368355,0.800,1,19372187
2024,8,195368359,2.300,1,19372188
2024,13,181730983,1.000,9,17350658
2024,8,181730984,4.000,9,17350659
2024,8,184284685,5.000,1,17745404
2024,2,184284685,0.800,1,17745405
2024,8,181730985,2.000,9,17350660
2024,2,185817167,1.400,1,17978274
2024,1,181730988,1.300,1,17350662
2024,8,185817177,8.000,1,17978275
2024,8,185817177,1.000,11,17978276
2024,1,183014206,1.000,1,17548358
2024,5,183014231,1.500,1,17548362
2024,5,183014227,1.500,1,17548361
2024,8,189620735,1.000,9,18554743
2024,8,192919801,1.500,3,19030686
2024,5,192919801,108.005,1,19030687
2024,16,183012771,0.080,1,17548203
2024,11,196749050,13.400,1,19556160
2024,1,184283744,0.070,1,17745250
2024,16,184283745,60.000,1,17745251
2024,1,184283745,66.000,1,17745252
2024,2,195747318,12.000,1,19424398
2024,16,195747318,6.000,1,19424399
2024,1,180405073,6.004,1,17156090
2024,2,188488992,2.700,1,18382671
2024,1,188488993,14.002,1,18382672
2024,5,189620741,0.900,1,18554744
2024,8,189620743,17.000,9,18554745
2024,2,190856128,2.600,1,18731271
2024,2,190856129,0.230,1,18731272
2024,2,190856130,0.080,1,18731273
2024,1,190856133,16.000,1,18731274
2024,4,190856133,111.000,1,18731275
2024,2,190856133,39.000,1,18731276
2024,4,190856138,1.000,1,18731278
2024,8,190856139,1.000,1,18731279
2024,2,192919832,3.320,1,19030688
2024,2,194853587,0.260,1,19299783
2024,1,195747320,0.880,1,19424401
2024,5,195747321,1.000,3,19424402
2024,5,195747323,6.100,3,19424404
2024,1,195747324,3.500,1,19424405
2024,2,195747325,1.200,1,19424406
2024,8,180405104,1.000,1,17156092
2024,1,180405104,1.020,1,17156093
2024,2,181372443,0.330,1,17301323
2024,12,181372443,3.000,1,17301324
2024,17,181372443,3.000,1,17301325
2024,2,181372446,0.590,1,17301326
2024,5,183013102,26.000,1,17548228
2024,1,181372666,1.000,1,17301348
2024,16,183013132,5.002,1,17548229
2024,5,181372706,1.000,1,17301350
2024,2,186726705,0.000,1,18114952
2024,5,183013156,1.000,1,17548231
2024,8,183013164,61.001,1,17548232
2024,2,183013200,0.300,1,17548234
2024,8,183013209,2.000,1,17548237
2024,8,180405223,10.000,9,17156104
2024,8,183013220,36.007,1,17548239
2024,12,183013220,16.000,9,17548240
2024,8,183013224,3.000,9,17548242
2024,8,183013224,99.800,1,17548243
2024,5,183013229,1.000,1,17548244
2024,12,183013243,19.005,1,17548245
2024,12,183013295,1.000,9,17548247
2024,2,183013311,0.200,1,17548251
2024,5,183013323,42.300,1,17548252
2024,5,184283838,1.000,1,17745260
2024,1,184283852,0.200,1,17745261
2024,12,184283880,1.900,1,17745262
2024,8,184283880,5.006,1,17745263
2024,17,184283880,12.300,1,17745264
2024,8,184283884,6.000,9,17745265
2024,8,184283885,3.400,1,17745266
2024,12,181372723,322.400,1,17301352
2024,2,181372723,13.400,1,17301353
2024,5,184283927,2.800,1,17745267
2024,2,184283930,1.100,1,17745268
2024,8,184283968,7.000,9,17745269
2024,1,184283981,2.000,1,17745270
2024,8,184283981,16.000,9,17745271
2024,12,184283981,9.500,9,17745272
2024,12,184283984,7.000,9,17745273
2024,8,186726723,139.005,9,18114954
2024,5,186726723,164.000,1,18114955
2024,12,184284012,4.009,1,17745277
2024,8,184284012,1.002,1,17745278
2024,8,186726734,104.800,1,18114956
2024,16,185815782,1.100,1,17978184
2024,1,185815810,0.100,1,17978185
2024,12,185815810,0.100,1,17978186
2024,8,185815810,0.700,1,17978187
2024,1,185815812,30.003,1,17978188
2024,11,186726821,65.200,1,18114963
2024,5,186726821,135.700,1,18114964
2024,1,186726826,0.300,1,18114965
2024,8,186726850,11.000,9,18114966
2024,8,186726865,0.050,1,18114967
2024,8,186726894,0.060,1,18114968
2024,8,186726907,0.400,1,18114969
2024,16,186726940,0.200,1,18114970
2024,1,186726952,0.200,1,18114971
2024,8,186726953,6.500,9,18114972
2024,16,192132520,2.700,1,18913259
2024,8,189620957,0.100,1,18554775
2024,2,194853594,1.000,1,19299785
2024,12,190856257,0.200,9,18731303
2024,8,190856257,0.900,1,18731304
2024,8,190856257,20.000,5,18731305
2024,1,189621009,6.300,1,18554781
2024,1,189621044,0.200,1,18554782
2024,8,189621075,0.200,1,18554783
2024,8,189621077,19.006,1,18554784
2024,1,189621077,1.600,1,18554785
2024,17,189621077,3.009,1,18554786
2024,1,190856294,0.200,1,18731306
2024,5,190856299,96.900,1,18731307
2024,2,190856428,0.400,1,18731308
2024,16,180405357,0.100,1,17156116
2024,8,192132579,1.000,7,18913261
2024,1,192132611,1.000,1,18913262
2024,1,194216570,33.200,1,19215018
2024,5,194216570,247.007,1,19215019
2024,8,194216575,25.000,9,19215020
2024,13,192132689,0.500,1,18913266
2024,1,194216583,4.700,1,19215021
2024,3,194216583,1.000,9,19215022
2024,1,192132702,1.000,1,18913269
2024,2,194853615,1.000,1,19299786
2024,1,194216646,0.100,1,19215024
2024,1,181372750,22.700,1,17301355
2024,8,194853627,113.600,1,19299787
2024,2,194853627,15.300,1,19299788
2024,1,194216722,1.000,1,19215029
2024,17,181372758,1.700,1,17301356
2024,1,194853733,0.700,1,19299790
2024,5,194853754,1.000,1,19299791
2024,1,196749291,3.700,1,19556174
2024,12,196749291,7.400,1,19556175
2024,8,196749291,10.600,1,19556176
2024,1,196749294,11.400,1,19556177
2024,12,181372799,10.000,9,17301357
2024,1,181372803,7.700,1,17301358
2024,1,181372812,1.200,1,17301359
2024,5,181372820,1.000,3,17301360
2024,5,186727011,960.005,1,18114973
2024,5,190856473,1.000,5,18731312
2024,5,190856475,1.000,5,18731313
2024,5,190856476,1.000,5,18731314
2024,1,186727014,1.000,1,18114974
2024,5,195367042,1.000,5,19371962
2024,1,189621219,1.000,1,18554788
2024,2,194216840,1.000,1,19215030
2024,8,192132822,4.000,1,18913288
2024,8,192132822,4.000,9,18913289
2024,5,192132822,4.000,10,18913290
2024,8,192132827,2.000,1,18913291
2024,1,192132827,3.000,1,18913292
2024,1,192132830,2.000,1,18913293
2024,17,192132830,3.000,1,18913294
2024,16,192132832,3.000,1,18913295
2024,12,194216844,1.000,1,19215032
2024,2,194216845,1.000,1,19215033
2024,11,195367068,2.000,9,19371963
2024,8,183013505,2.000,9,17548268
2024,1,181372863,1.000,1,17301362
2024,1,181372865,0.500,1,17301363
2024,8,184284088,4.000,1,17745279
2024,5,185407945,1.000,7,17923792
2024,1,180023790,0.270,1,17104552
2024,2,194216867,101.012,1,19215034
2024,7,194216870,46.450,1,19215035
2024,12,194216872,1.240,1,19215036
2024,1,194216875,0.060,1,19215037
2024,1,194216875,1.000,9,19215038
2024,8,195367075,69.000,1,19371964
2024,7,197425495,15.750,1,19655300
2024,2,197425495,11.730,1,19655301
2024,1,181730606,0.050,1,17350591
2024,2,195367086,0.320,1,19371969
2024,1,184954276,0.010,1,17847814
2024,1,181730609,0.620,1,17350592
2024,2,181730610,7.000,1,17350593
2024,1,181730613,0.046,1,17350594
2024,2,180023802,4.000,1,17104553
2024,1,180023802,2.890,1,17104554
2024,5,186150243,4.125,3,18033304
2024,2,186150250,1.000,1,18033305
2024,2,180023789,4.480,1,17104551
2024,12,183013666,0.230,1,17548277
2024,1,189621257,1.000,1,18554789
2024,16,183013668,0.130,1,17548278
2024,8,188489186,4.000,1,18382691
2024,4,183013675,1.000,1,17548279
2024,1,183013675,1.000,1,17548280
2024,13,183013677,1.005,1,17548282
2024,13,183013686,1.000,1,17548283
2024,1,184954315,0.710,1,17847817
2024,17,184954317,15.000,1,17847818
2024,1,184954317,0.010,1,17847819
2024,7,184954317,0.010,1,17847820
2024,12,192486870,3.960,1,18966724
2024,5,184954322,104.180,1,17847821
2024,1,184954324,0.300,1,17847822
2024,5,184954326,2.700,3,17847823
2024,12,184954328,0.450,1,17847824
2024,17,184954328,1.000,11,17847825
2024,2,192486927,14.300,1,18966728
2024,2,184954330,0.065,1,17847826
2024,17,194216907,0.320,1,19215039
2024,1,194216916,1.000,1,19215040
2024,2,180023832,18.048,1,17104555
2024,1,180023832,4.250,1,17104556
2024,4,180023832,4.140,1,17104557
2024,2,180023833,0.100,1,17104558
2024,1,195367106,0.740,1,19371970
2024,5,186727090,168.270,1,18114975
2024,8,186150261,1.880,1,18033307
2024,17,186150261,1.000,11,18033308
2024,2,186150266,0.500,1,18033309
2024,5,186150268,161.094,1,18033310
2024,16,186727092,1.090,1,18114976
2024,2,186727092,3.980,1,18114977
2024,5,186727092,128.058,1,18114978
2024,8,198895105,16.000,1,19872264
2024,2,186727098,3.470,1,18114980
2024,1,186727098,1.790,1,18114981
2024,15,186727098,5.490,1,18114982
2024,5,188489212,84.006,1,18382692
2024,5,186727103,215.790,1,18114984
2024,2,181730660,8.970,1,17350595
2024,16,180023846,0.860,1,17104559
2024,16,188489221,0.080,1,18382693
2024,1,188489229,1.000,1,18382694
2024,1,183013711,0.020,1,17548284
2024,5,189621359,73.061,1,18554790
2024,1,183013715,0.400,1,17548285
2024,12,189621370,3.960,1,18554791
2024,12,189621374,12.040,1,18554793
2024,15,180023851,8.000,9,17104560
2024,1,180023851,0.420,1,17104561
2024,2,189621375,2.280,1,18554794
2024,16,189621375,1.710,1,18554795
2024,2,190856624,0.630,1,18731321
2024,2,189621378,5.130,1,18554797
2024,2,189621378,1.000,11,18554798
2024,8,190856630,0.330,1,18731322
2024,8,190856635,0.090,1,18731323
2024,8,192486934,3.830,1,18966729
2024,17,183013763,2.580,1,17548289
2024,1,183013764,1.000,1,17548290
2024,1,180023854,5.160,1,17104563
2024,1,180023852,2.000,1,17104562
2024,5,181730675,1.000,7,17350597
2024,2,183013833,1.000,1,17548298
2024,5,183013837,1.000,1,17548299
2024,5,184284131,1.000,7,17745296
2024,8,183013847,30.000,1,17548301
2024,5,183013850,1.000,7,17548302
2024,16,183013855,23.000,9,17548306
2024,15,183013855,3.500,9,17548307
2024,13,183013855,4.500,9,17548308
2024,16,184284138,4.000,1,17745297
2024,1,184284138,5.000,1,17745298
2024,2,185815952,1.000,1,17978207
2024,1,185815954,4.200,1,17978208
2024,16,180861706,1.000,9,17224017
2024,13,185815957,8.000,9,17978209
2024,1,185815958,1.000,1,17978210
2024,15,186727134,20.000,9,18114996
2024,2,190514536,15.300,1,18679772
2024,2,188809114,1.000,1,18431196
2024,8,194217046,2.000,9,19215045
2024,1,194217047,21.500,1,19215046
2024,2,194217047,21.800,1,19215047
2024,16,185815965,4.000,9,17978211
2024,8,195367250,1.300,1,19371973
2024,5,180861722,17.700,1,17224018
2024,16,195747377,32.000,1,19424407
2024,1,195747377,3.000,1,19424408
2024,17,195747377,2.000,5,19424409
2024,16,196749596,1.000,1,19556208
2024,8,196749598,41.000,1,19556209
2024,1,196749598,3.000,1,19556210
2024,15,196749599,20.000,9,19556211
2024,12,196749605,37.400,1,19556215
2024,8,196749606,14.000,9,19556216
2024,2,196749610,13.000,1,19556218
2024,8,181730722,2.000,9,17350598
2024,12,181730722,2.000,9,17350599
2024,5,185407987,1.000,1,17923794
2024,16,186727254,1.000,11,18114999
2024,5,183013976,1.000,5,17548321
2024,5,189621397,10.000,5,18554799
2024,13,189621397,1.000,5,18554800
2024,5,185407991,0.100,1,17923795
2024,5,185407992,2.000,5,17923796
2024,5,185407995,1.000,5,17923797
2024,17,198895256,1.000,1,19872280
2024,2,192132898,1.000,11,18913311
2024,2,185407998,0.700,1,17923798
2024,5,185407999,1.000,5,17923799
2024,5,185408000,1.000,5,17923800
2024,8,186727300,14.000,1,18115000
2024,5,180023893,0.200,1,17104566
2024,2,186727301,4.000,1,18115001
2024,16,188489311,1.000,11,18382696
2024,5,180023896,0.010,1,17104567
2024,12,186727315,1.000,3,18115003
2024,16,186727315,2.000,1,18115004
2024,13,186727319,4.000,9,18115005
2024,1,184284262,1.000,1,17745307
2024,5,188489324,118.000,1,18382697
2024,5,190514690,1.000,5,18679776
2024,5,192132932,1.000,1,18913312
2024,5,192132935,1.000,1,18913313
2024,5,192132936,1.000,7,18913314
2024,5,192132940,1.000,1,18913315
2024,5,193282337,1.001,3,19081987
2024,5,180023904,1.000,3,17104568
2024,1,193282343,16.000,1,19081989
2024,5,183014081,0.500,1,17548339
2024,5,194853911,1.000,5,19299802
2024,5,194853913,1.000,5,19299803
2024,4,194853917,3.430,1,19299804
2024,1,197425621,2.000,1,19655314
2024,5,184284277,1.000,11,17745308
2024,5,183014134,362.000,1,17548345
2024,13,183014140,81.000,9,17548346
2024,16,183014140,30.000,9,17548347
2024,5,184284310,1.000,5,17745309
2024,5,181372998,80.000,1,17301375
2024,2,183014562,1.000,1,17548396
2024,2,183014566,5.900,1,17548398
2024,1,183014566,4.700,1,17548399
2024,13,184284434,6.500,9,17745325
2024,5,184284435,402.000,1,17745326
2024,8,197688777,2.000,3,19694324
2024,8,185408069,1.000,1,17923803
2024,5,185408076,4.936,3,17923804
2024,16,185408079,13.000,9,17923807
2024,12,186727499,40.000,1,18115014
2024,1,186727501,2.900,1,18115015
2024,2,186727501,0.800,1,18115016
2024,2,186727502,5.220,1,18115017
2024,5,186727503,206.005,1,18115018
2024,16,186727507,0.040,1,18115020
2024,2,188149931,0.500,1,18333697
2024,12,188149931,4.300,1,18333698
2024,2,186727510,6.700,1,18115024
2024,12,186727511,1.470,1,18115025
2024,8,188149934,4.700,1,18333701
2024,2,188149934,5.000,1,18333702
2024,16,188149934,1.000,11,18333703
2024,8,188149935,9.000,9,18333704
2024,12,189621727,0.500,1,18554821
2024,8,189621728,4.000,9,18554822
2024,17,184284446,30.007,1,17745327
2024,12,190856852,16.000,9,18731331
2024,8,190856859,2.000,9,18731332
2024,5,192133003,560.000,1,18913318
2024,5,192133006,1.000,1,18913319
2024,12,181373024,2.000,1,17301376
2024,15,194854123,43.000,1,19299827
2024,9,194854123,100.000,9,19299828
2024,5,194854124,136.004,1,19299830
2024,8,185408230,10.900,1,17923825
2024,1,185408230,11.000,1,17923826
2024,8,185408232,2.500,1,17923827
2024,2,186727592,637.007,1,18115034
2024,1,185408243,2.500,1,17923830
2024,5,186727598,4764.054,1,18115035
2024,17,186727598,34.000,9,18115036
2024,8,186727600,13.008,1,18115037
2024,2,186727600,2.000,1,18115038
2024,12,186727600,8.400,1,18115039
2024,1,186727601,5.005,1,18115040
2024,16,186727601,7.002,1,18115041
2024,12,188149992,4.000,1,18333718
2024,8,188149992,768.006,1,18333719
2024,11,188149992,4.400,1,18333720
2024,2,186727605,3.200,1,18115045
2024,8,186727609,48.000,9,18115046
2024,17,181373125,0.100,1,17301388
2024,1,186727611,0.100,1,18115047
2024,1,186727612,81.008,1,18115048
2024,8,186727612,20.000,9,18115049
2024,17,186727617,1.000,11,18115050
2024,1,188149998,1.000,1,18333722
2024,16,188149998,0.300,1,18333723
2024,17,186727620,1.100,1,18115053
2024,8,186727625,3.400,1,18115054
2024,2,186727625,1.200,1,18115055
2024,1,188149993,6.260,1,18333721
2024,1,186727628,9.700,1,18115057
2024,11,186727628,5.000,1,18115058
2024,1,186727630,0.300,1,18115059
2024,12,188150000,0.400,1,18333724
2024,17,188150000,57.000,9,18333725
2024,1,188150003,1.007,1,18333726
2024,1,188150004,3.900,1,18333727
2024,1,188150005,0.900,1,18333728
2024,1,188150006,2.200,1,18333729
2024,1,188150011,1.000,1,18333730
2024,8,196749916,8.000,9,19556243
2024,2,188150022,1.200,1,18333732
2024,8,188150027,0.200,1,18333733
2024,1,188150028,3.100,1,18333734
2024,2,188150028,0.200,1,18333735
2024,12,188150028,19.000,9,18333736
2024,1,188150030,0.300,1,18333737
2024,12,188150031,0.200,1,18333738
2024,5,182777482,1.000,3,17513518
2024,17,188150034,2.400,1,18333739
2024,2,180024149,0.090,1,17104593
2024,5,183922336,56.800,1,17685820
2024,1,189621777,0.700,1,18554827
2024,8,180024152,10.000,9,17104594
2024,1,188150042,0.100,1,18333741
2024,5,183922352,0.700,1,17685821
2024,17,188150045,1.000,11,18333742
2024,17,188150049,0.100,1,18333743
2024,11,188150052,2.800,1,18333744
2024,8,180024153,4.000,9,17104595
2024,1,192133051,6.005,1,18913323
2024,17,182777528,0.070,3,17513520
2024,5,189621787,23.000,1,18554829
2024,12,189621788,13.000,1,18554830
2024,8,189621788,16.000,9,18554831
2024,17,189621788,4.000,9,18554832
2024,2,183922365,54.500,1,17685822
2024,5,183922365,1285.500,1,17685823
2024,17,183922365,396.100,1,17685824
2024,1,189621791,0.150,1,18554833
2024,1,190514805,0.500,1,18679782
2024,8,190514805,1.100,1,18679783
2024,17,190514809,11.008,1,18679784
2024,1,190514811,0.300,1,18679785
2024,2,189621813,2.405,2,18554844
2024,2,189621814,4.008,2,18554845
2024,5,180024157,203.000,1,17104596
2024,2,190514818,3093.003,1,18679786
2024,7,189621827,8.000,1,18554850
2024,2,189621828,0.700,1,18554851
2024,12,189621831,0.300,1,18554852
2024,8,181373130,9.700,1,17301389
2024,8,192133054,39.000,9,18913324
2024,1,192133054,26.006,1,18913325
2024,2,192133054,79.500,1,18913326
2024,1,189621842,0.100,1,18554856
2024,1,192133055,11.001,1,18913327
2024,5,190514839,83.000,1,18679787
2024,2,192133056,2.001,1,18913328
2024,1,190514843,0.200,1,18679788
2024,15,190514843,0.300,1,18679789
2024,1,194217151,0.600,1,19215055
2024,8,192133057,0.400,1,18913329
2024,5,192133057,57.300,1,18913330
2024,16,192133057,4.000,9,18913331
2024,17,192133058,10.000,9,18913332
2024,12,181373132,2229.000,1,17301390
2024,11,181373132,4.600,1,17301391
2024,17,190514868,1.000,9,18679795
2024,1,190514873,0.400,1,18679796
2024,2,190514877,2169.001,1,18679797
2024,1,192133060,7.006,1,18913333
2024,2,192133060,25.000,1,18913334
2024,17,180024173,0.020,1,17104601
2024,1,190514895,0.010,1,18679801
2024,2,190514899,2.500,1,18679802
2024,1,192133062,2.600,1,18913336
2024,12,192133062,8.400,1,18913337
2024,8,192133064,2.200,1,18913338
2024,12,181373139,29.000,9,17301392
2024,8,181373139,39.000,9,17301393
2024,1,190514911,0.500,1,18679806
2024,1,192133067,1.700,1,18913339
2024,1,192133068,19.900,1,18913340
2024,2,192133070,47.900,1,18913341
2024,5,192133070,655.300,1,18913342
2024,5,188150058,866.002,1,18333745
2024,17,192133072,0.200,1,18913343
2024,1,192133074,0.400,1,18913344
2024,1,180024183,0.200,1,17104604
2024,5,194217158,491.005,1,19215056
2024,2,194217158,4.400,1,19215057
2024,1,192133080,0.400,1,18913345
2024,2,194854148,1105.700,1,19299832
2024,2,192133084,1096.100,1,18913348
2024,5,196749944,190.900,1,19556245
2024,1,192133092,0.200,1,18913351
2024,5,181373143,3.400,1,17301394
2024,7,185408343,1.000,1,17923836
2024,8,192133094,0.600,1,18913352
2024,1,192133098,0.200,1,18913353
2024,2,192133102,0.400,1,18913354
2024,5,194217163,124.000,1,19215060
2024,8,194217164,10.800,1,19215061
2024,12,194217164,2.002,1,19215062
2024,1,194217166,0.200,1,19215063
2024,8,194217172,0.200,1,19215064
2024,1,194854151,2.008,1,19299834
2024,1,194217178,0.300,1,19215067
2024,2,194854153,588.005,1,19299835
2024,8,194854153,102.005,1,19299836
2024,1,194217180,0.200,1,19215071
2024,1,194217181,0.300,1,19215072
2024,1,194217185,3.700,1,19215073
2024,7,194217185,7.000,1,19215074
2024,8,194217185,49.600,1,19215075
2024,5,194217186,60.100,1,19215076
2024,1,194854154,0.300,1,19299838
2024,1,194854156,8.300,1,19299839
2024,2,194217189,0.400,1,19215078
2024,12,194217189,3.000,9,19215079
2024,8,194217189,1.000,9,19215080
2024,1,194854157,42.007,1,19299840
2024,5,194854157,50.400,1,19299841
2024,5,194854159,63.000,1,19299842
2024,8,194854159,20.000,9,19299843
2024,12,194854160,2.003,1,19299844
2024,8,194854161,1.200,1,19299845
2024,16,194854161,16.000,9,19299846
2024,12,194854163,0.900,1,19299847
2024,1,194854165,0.300,1,19299848
2024,1,194854169,0.400,1,19299849
2024,5,194854169,4.000,1,19299850
2024,1,197688921,2.001,1,19694336
2024,1,194854175,8.200,1,19299851
2024,17,194854188,11.000,1,19299854
2024,2,194854188,1.200,1,19299855
2024,2,194854192,143.007,1,19299856
2024,1,194854192,15.009,1,19299857
2024,1,196749951,0.003,1,19556246
2024,8,196749951,6.007,1,19556247
2024,8,196749951,22.000,9,19556248
2024,7,185408564,2.000,9,17923852
2024,2,181373162,8.200,1,17301397
2024,8,181373162,1021.000,9,17301398
2024,1,186727712,0.200,1,18115062
2024,8,186727727,136.700,1,18115063
2024,5,186727735,20.000,1,18115064
2024,1,181373166,0.060,1,17301400
2024,5,186727762,1.000,1,18115065
2024,1,186727799,7.400,1,18115066
2024,17,186727799,0.010,1,18115067
2024,1,180024186,0.006,1,17104605
2024,16,192133114,0.300,1,18913356
2024,1,192133114,1.000,1,18913357
2024,1,192133115,1.004,1,18913358
2024,1,186727871,0.600,1,18115072
2024,8,196749977,0.800,1,19556249
2024,1,189621928,25.005,1,18554864
2024,1,188150286,1.000,11,18333747
2024,8,182777542,3.000,9,17513522
2024,17,189621989,1.000,9,18554865
2024,12,197688934,2.000,9,19694339
2024,8,181373216,7.000,9,17301406
2024,2,181373217,3.600,1,17301407
2024,16,182777545,3.000,1,17513523
2024,2,182777545,60.005,1,17513524
2024,2,182777549,0.300,1,17513526
2024,8,186727915,20.300,1,18115074
2024,1,185408610,8.100,1,17923861
2024,8,185408610,2.100,1,17923862
2024,12,182777556,24.007,1,17513531
2024,16,182777556,1.100,1,17513532
2024,17,182777556,44.009,1,17513533
2024,1,182777559,0.005,1,17513534
2024,13,182777561,1.100,8,17513535
2024,13,182777561,4.900,1,17513536
2024,8,182777561,1.500,1,17513537
2024,1,180024259,42.004,1,17104607
2024,8,180024259,26.000,9,17104608
2024,17,180024259,2.000,9,17104609
2024,1,196750017,1.000,1,19556250
2024,2,196750017,0.100,1,19556251
2024,12,182777565,8.000,9,17513540
2024,17,182777567,14.000,9,17513541
2024,1,182777568,0.300,1,17513542
2024,2,192133276,38.004,1,18913359
2024,12,192133276,5.006,1,18913360
2024,2,185408614,1.600,1,17923864
2024,17,185408614,3.500,9,17923865
2024,17,182777575,22.042,1,17513543
2024,1,180024292,0.100,1,17104610
2024,2,192133312,2.000,1,18913362
2024,16,182777579,6.000,1,17513544
2024,1,182777581,0.010,1,17513545
2024,2,194217296,1146.200,1,19215083
2024,1,182777583,2.800,1,17513546
2024,17,182777584,4.000,9,17513547
2024,1,180024296,0.200,1,17104611
2024,17,181373296,1.000,11,17301411
2024,1,183922522,0.300,1,17685827
2024,2,194217394,588.005,1,19215107
2024,8,194217394,102.005,1,19215108
2024,2,183922523,0.010,1,17685828
2024,2,182777593,0.010,1,17513549
2024,1,186727916,13.400,1,18115075
2024,5,186727916,59.000,1,18115076
2024,17,180024299,2.300,1,17104612
2024,2,183922534,0.500,1,17685831
2024,2,183922537,0.100,1,17685832
2024,8,185408620,0.003,1,17923869
2024,2,185408620,0.100,1,17923870
2024,17,185408620,131.000,9,17923871
2024,1,183922549,0.100,1,17685836
2024,2,183922555,1011.700,1,17685837
2024,12,183922557,358.004,1,17685838
2024,7,183922557,14.000,1,17685839
2024,5,183922557,84.450,1,17685840
2024,1,180024302,17.700,1,17104615
2024,7,180024302,0.002,1,17104616
2024,1,183922565,0.500,1,17685841
2024,2,183922569,1.100,1,17685842
2024,8,183922569,0.003,1,17685843
2024,1,180024300,3.000,1,17104613
2024,5,180024300,3.500,1,17104614
2024,7,185408637,1.000,1,17923873
2024,1,185408637,2.600,1,17923874
2024,17,185408640,0.100,1,17923875
2024,1,185408641,1.600,1,17923876
2024,8,185408641,3.300,1,17923877
2024,15,185408648,40.000,9,17923879
2024,8,192133349,10.005,1,18913363
2024,1,192133349,12.500,1,18913364
2024,5,192133349,46.700,1,18913365
2024,2,185408657,9.500,1,17923883
2024,17,185408657,0.004,1,17923884
2024,5,185408662,6.290,3,17923886
2024,5,185408666,13.000,10,17923888
2024,5,185408666,2742.003,1,17923889
2024,17,181373411,4.300,1,17301418
2024,1,185408669,0.020,1,17923890
2024,8,185408669,12.000,9,17923891
2024,1,186727928,0.200,1,18115080
2024,8,185408679,2.600,1,17923893
2024,1,185408679,16.001,1,17923894
2024,2,185408679,3.800,1,17923895
2024,1,185408686,0.100,1,17923900
2024,17,185408687,1.001,1,17923901
2024,17,185408689,1.000,9,17923902
2024,16,180024588,0.630,1,17104620
2024,16,180024605,4.710,1,17104623
2024,16,180024645,65.460,1,17104628
2024,12,180024645,1.750,1,17104629
2024,1,180024645,0.920,1,17104630
2024,16,180024654,7127.270,1,17104632
2024,8,180024654,1109.100,1,17104633
2024,2,180024656,8.820,1,17104635
2024,2,180024667,1.000,1,17104636
2024,1,180024667,0.240,1,17104637
2024,12,180024669,7.550,1,17104638
2024,1,181373494,3.640,1,17301428
2024,2,181373537,0.530,1,17301429
2024,2,181373778,0.790,1,17301443
2024,2,181373792,0.240,1,17301444
2024,2,181373795,2.740,1,17301446
2024,8,181373807,39.350,1,17301447
2024,2,181373809,1.060,1,17301448
2024,16,181373866,40.710,1,17301450
2024,2,181373866,14.010,1,17301451
2024,12,183538680,1.330,1,17631578
2024,12,183538743,6.880,1,17631579
2024,8,183538743,0.220,1,17631580
2024,2,183538790,1.060,1,17631583
2024,2,183538792,0.200,1,17631584
2024,2,183538901,2.550,1,17631616
2024,2,183538920,1.550,1,17631617
2024,2,183539551,2.130,1,17631793
2024,16,183539648,2.430,1,17631832
2024,1,183541558,0.990,1,17632390
2024,2,183541845,0.640,1,17632444
2024,12,183546875,0.670,1,17633980
2024,2,183549371,3.000,1,17634609
2024,16,183549413,14.000,1,17634621
2024,16,184639883,0.940,1,17801705
2024,8,184640056,1.130,1,17801709
2024,12,184640066,8.800,1,17801710
2024,17,184640259,0.880,1,17801711
2024,2,185816467,5.000,1,17978235
2024,1,185816739,4.810,1,17978241
2024,16,185816750,3.610,1,17978242
2024,8,185816750,1.480,1,17978243
2024,2,185816750,3.880,1,17978244
2024,1,185816900,16.040,1,17978246
2024,8,186839285,9.230,1,18132189
2024,16,186839368,16.310,1,18132190
2024,16,186839470,33.230,1,18132191
2024,1,186839470,11.600,1,18132192
2024,1,186839472,0.630,1,18132193
2024,2,186839488,8.220,1,18132194
2024,1,186839580,2.000,1,18132195
2024,8,186839623,1.440,1,18132196
2024,1,197689151,0.280,1,19694368
2024,2,188489580,25.440,1,18382701
2024,1,188489585,6.340,1,18382702
2024,12,189988995,1.600,1,18610199
2024,1,189989000,13.090,1,18610200
2024,16,189989000,8.000,9,18610201
2024,17,191277269,38.470,1,18795584
2024,2,191277295,16.000,1,18795585
2024,2,197689256,0.220,1,19694383
2024,16,195367447,12.390,1,19371985
2024,2,195367447,0.360,1,19371986
2024,2,195367448,0.450,1,19371987
2024,16,195367472,12.920,1,19371989
2024,5,195367472,877.900,1,19371990
2024,2,195367480,25.880,1,19371991
2024,2,195367656,30.000,1,19371992
2024,1,195367670,2.400,1,19371993
2024,16,195367677,2.000,1,19371994
2024,2,195367677,2.000,1,19371995
2024,1,196750551,0.120,1,19556292
2024,1,196750576,0.220,1,19556295
2024,1,196750812,0.100,1,19556296
2024,2,196750813,4.040,1,19556297
2024,16,196750973,3.900,1,19556298
2024,2,196750973,9.810,1,19556299
2024,2,196750985,4.000,1,19556300
2024,17,196750988,1.000,1,19556301
2024,16,196750988,1.000,1,19556302
2024,16,196750989,86.000,9,19556303
2024,1,196751000,2.310,1,19556304
2024,16,196751013,2.530,1,19556305
2024,16,196751019,1.000,1,19556306
2024,2,196751019,1.000,1,19556307
2024,2,196751035,81.270,1,19556308
2024,1,196751041,1.330,1,19556309
2024,2,196751053,1.000,1,19556310
2024,16,196751078,1.000,1,19556311
2024,2,196751078,2.000,1,19556312
2024,2,196751081,15.300,1,19556313
2024,16,196751100,28.000,9,19556314
2024,16,196751109,2.000,1,19556315
2024,17,196751151,1.000,1,19556316
2024,2,196751151,1.660,1,19556317
2024,2,196751164,3.380,1,19556318
2024,2,196751172,0.250,1,19556319
2024,16,196751190,0.130,1,19556320
2024,2,196751190,3.550,1,19556321
2024,12,196751192,1.000,1,19556322
2024,2,196751192,0.220,1,19556323
2024,12,182441203,1.000,1,17460477
2024,12,184284545,5.660,1,17745366
2024,5,184284545,1.200,3,17745367
2024,2,184284563,7.780,1,17745368
2024,1,185408765,3.800,1,17923915
2024,16,185408768,1230.000,1,17923916
2024,15,188150415,20.500,9,18333749
2024,17,188150415,1.790,1,18333750
2024,12,189238284,5.800,1,18496621
2024,8,190515482,30.000,1,18679816
2024,5,185408772,2.000,10,17923917
2024,5,185408772,213.600,3,17923918
2024,11,192133446,6.000,1,18913366
2024,16,183014733,2.000,9,17548413
2024,12,184284591,1.000,11,17745369
2024,17,184284591,9.008,1,17745370
2024,16,184284591,3.000,9,17745371
2024,1,189623238,0.950,1,18554983
2024,1,189623239,1.000,1,18554984
2024,2,189623239,1.000,1,18554985
2024,8,189623240,1.800,1,18554986
2024,8,189623241,0.120,1,18554987
2024,5,189623245,10.110,3,18554988
2024,2,189623247,108.900,1,18554989
2024,16,189623247,293.600,1,18554990
2024,4,189623247,7.100,1,18554991
2024,1,189623253,8.800,1,18554992
2024,5,189623253,1.695,3,18554993
2024,8,190857317,25.000,9,18731361
2024,1,192133747,0.400,1,18913439
2024,2,192133749,7.790,1,18913440
2024,1,192133749,9.035,1,18913441
2024,16,192133751,1.000,9,18913442
2024,14,192133751,7.000,9,18913443
2024,1,192133752,0.900,1,18913444
2024,1,180025336,4.400,1,17104662
2024,1,192133756,6.900,1,18913445
2024,8,192133756,5.700,1,18913446
2024,16,182035864,44.000,1,17401809
2024,2,182035864,85.600,1,17401810
2024,1,182035864,19.600,1,17401811
2024,2,192133758,1.600,1,18913447
2024,4,192133759,0.020,1,18913448
2024,1,192133760,4.300,1,18913449
2024,12,194855785,27.000,9,19300132
2024,2,192133763,0.070,1,18913451
2024,15,192133763,36.000,9,18913452
2024,1,192133764,1.230,1,18913453
2024,12,192133765,1500.000,9,18913454
2024,2,192133765,0.700,1,18913455
2024,11,192133765,22.790,1,18913456
2024,16,192133767,6.400,1,18913457
2024,16,182035867,1.000,1,17401812
2024,4,186840166,15.350,1,18132230
2024,1,194855800,0.400,1,19300135
2024,5,194855801,1.000,1,19300136
2024,12,194855805,3.800,3,19300137
2024,16,194855808,3.000,9,19300139
2024,8,194855808,2.200,1,19300140
2024,1,194855811,0.300,1,19300142
2024,1,194855821,0.715,3,19300143
2024,2,194855824,2.900,1,19300144
2024,1,194855830,0.050,1,19300146
2024,5,194855830,2.400,1,19300147
2024,8,194855831,0.200,1,19300148
2024,5,194855850,5.790,3,19300149
2024,8,183015763,18.100,1,17548501
2024,1,183015763,22.500,1,17548502
2024,2,183015763,17.100,1,17548503
2024,1,194855863,22.700,1,19300151
2024,8,194855863,10.400,1,19300152
2024,1,194855876,12.700,1,19300156
2024,1,194855883,4.300,1,19300158
2024,8,194855890,0.700,1,19300160
2024,11,184284766,2.400,1,17745415
2024,16,182035871,5.000,9,17401813
2024,2,182035871,2.100,1,17401814
2024,12,183015815,2.100,1,17548505
2024,1,185817683,19.800,1,17978316
2024,16,185817693,84.000,9,17978317
2024,1,183015818,65.001,1,17548506
2024,8,183015818,24.005,1,17548507
2024,2,183015818,6.300,1,17548508
2024,8,183015826,6.900,1,17548509
2024,1,183015828,0.900,1,17548510
2024,8,183015832,11.000,9,17548513
2024,1,183015837,1.500,1,17548514
2024,8,183015839,1.000,1,17548515
2024,8,183015842,23.500,9,17548516
2024,1,183015853,1.100,1,17548517
2024,1,183015856,1.200,1,17548518
2024,8,183015856,2.000,1,17548519
2024,8,184284821,15.000,9,17745417
2024,16,196751671,2.500,1,19556329
2024,4,196751671,5.009,1,19556330
2024,16,184284824,33.000,9,17745419
2024,12,188490508,44.900,1,18382896
2024,16,188490516,5.000,9,18382899
2024,1,184284827,0.700,1,17745421
2024,16,184284827,1.000,1,17745422
2024,1,196751672,0.000,1,19556331
2024,1,184284836,0.700,1,17745424
2024,8,184284836,0.300,1,17745425
2024,1,184284837,0.300,1,17745426
2024,1,184284841,0.500,1,17745427
2024,8,184284842,0.800,1,17745428
2024,8,190857366,0.500,1,18731363
2024,8,184284847,0.000,1,17745429
2024,1,185817745,0.400,1,17978318
2024,8,185817746,18.700,1,17978319
2024,5,185817747,67.800,1,17978320
2024,16,185817749,1.200,1,17978321
2024,2,192133826,27.007,1,18913458
2024,4,192133826,1.870,1,18913459
2024,1,185817752,3.000,1,17978322
2024,2,192133832,3.600,1,18913461
2024,1,185817754,13.700,1,17978323
2024,1,185817756,3.000,1,17978324
2024,16,185817756,2.000,1,17978325
2024,1,185817757,3.000,1,17978326
2024,1,185817758,0.700,1,17978327
2024,4,185817759,4.100,1,17978328
2024,1,185817759,11.100,1,17978329
2024,8,185817759,4.000,9,17978330
2024,16,185817762,9.700,1,17978331
2024,1,185817765,2.500,1,17978332
2024,1,186840359,9.300,1,18132256
2024,8,186840359,10.500,1,18132257
2024,5,180025414,4.600,3,17104666
2024,1,186840373,5.400,1,18132262
2024,13,186840373,19.000,9,18132263
2024,1,188490585,15.008,1,18382917
2024,5,188490585,34.900,1,18382918
2024,8,186840383,21.000,9,18132268
2024,8,186840384,20.800,1,18132269
2024,12,186840385,2.700,1,18132270
2024,1,186840386,1.000,1,18132271
2024,2,188490591,48.190,1,18382920
2024,12,188490591,2.550,1,18382921
2024,1,188490592,0.000,1,18382922
2024,1,188490593,15.500,1,18382923
2024,1,188490600,1.600,1,18382930
2024,1,188490627,8.500,1,18382944
2024,1,180025421,4.600,1,17104667
2024,16,196751693,2.500,1,19556332
2024,4,196751693,21.005,1,19556333
2024,8,188490634,1.000,11,18382949
2024,16,188490634,1.000,11,18382950
2024,16,184284106,9.000,9,17745285
2024,12,192132867,68.000,9,18913307
2024,7,193168257,8.000,9,19067080
2024,11,193168258,0.700,1,19067081
2024,12,190514378,1.000,1,18679761
2024,1,187258722,6.000,1,18198910
2024,6,187258725,3.000,9,18198911
2024,1,193168262,2.000,1,19067082
2024,2,184954371,2.400,1,17847827
2024,8,188809335,26.008,1,18431230
2024,1,188809335,62.700,1,18431231
2024,15,180861734,4.000,9,17224019
2024,2,186727527,3.000,1,18115029
2024,4,186727532,1.000,11,18115030
2024,2,186727535,0.400,1,18115031
2024,1,188809349,1.300,1,18431233
2024,2,189238222,1.500,1,18496620
2024,1,190856871,2.000,1,18731333
2024,2,192487033,0.100,1,18966736
2024,12,180861744,7.000,1,17224020
2024,1,197425757,6.500,1,19655333
2024,8,188809357,1.400,1,18431234
2024,8,188809370,1.002,1,18431235
2024,2,184954392,0.200,1,17847828
2024,8,184954392,1.000,9,17847829
2024,1,184954394,1.000,1,17847830
2024,2,186150198,1.000,1,18033300
2024,13,192132493,4.000,9,18913258
2024,17,183012733,1.000,11,17548201
2024,8,186150213,2.000,9,18033301
2024,17,186150213,11.000,9,18033302
2024,5,192132841,1.000,1,18913299
2024,2,185816041,1.000,1,17978212
2024,12,183321197,1.000,1,17601662
2024,12,188489332,1.000,9,18382698
2024,1,189621535,19.002,1,18554812
2024,8,192919834,1.000,9,19030689
2024,11,192919836,2.300,1,19030690
2024,12,185816052,1.000,1,17978214
2024,17,185816052,1.000,1,17978215
2024,1,185816052,1.000,1,17978216
2024,9,191276936,0.500,1,18795573
2024,4,192919837,2.003,1,19030691
2024,15,192919839,6.000,1,19030692
2024,12,186727348,1.000,1,18115010
2024,5,186727348,1.000,1,18115011
2024,1,188489335,3.000,1,18382699
2024,17,188489335,13.000,1,18382700
2024,1,189621546,19.002,1,18554813
2024,2,192919848,1.000,1,19030693
2024,12,194217073,0.890,1,19215051
2024,8,195367278,0.700,1,19371978
2024,12,195367278,3.500,9,19371979
2024,17,195367278,4.005,9,19371980
2024,5,193282615,5.580,1,19082014
2024,1,184284374,1.430,1,17745321
2024,8,184284375,1.360,1,17745322
2024,11,185816237,6.970,1,17978229
2024,8,186727380,10.000,9,18115012
2024,5,188149834,7.000,1,18333695
2024,2,195367324,1.000,1,19371981
2024,16,195367324,1.000,9,19371982
2024,8,195367324,13.000,9,19371983
2024,12,186727398,0.280,1,18115013
2024,12,181372982,8.330,1,17301374
2024,2,190856793,0.500,1,18731330
2024,2,182777328,5.280,1,17513510
2024,8,187258876,32.000,9,18198921
2024,16,190515499,4.000,9,18679818
2024,17,188489757,10.000,9,18382704
2024,16,190515503,1.000,11,18679819
2024,5,180861767,1.000,11,17224025
2024,3,180861767,1.000,11,17224026
2024,16,187258889,1.000,1,18198922
2024,2,187258889,1.000,1,18198923
2024,12,194217649,23.000,9,19215139
2024,1,188489760,1.000,11,18382706
2024,17,186543549,1.000,11,18089376
2024,17,186543550,9.000,9,18089377
2024,2,193168509,1.000,11,19067094
2024,8,186543554,1.000,11,18089378
2024,12,194217651,33.000,9,19215140
2024,8,186543563,1.000,11,18089379
2024,8,190515537,22.000,9,18679820
2024,17,190515537,1.000,11,18679821
2024,17,187258903,1.000,9,18198924
2024,2,182777714,48.900,1,17513567
2024,2,182777716,0.390,1,17513568
2024,8,188490306,29.000,9,18382799
2024,1,182777718,4.700,1,17513569
2024,2,182777718,1.500,1,17513570
2024,8,182777718,17.600,1,17513571
2024,17,181100617,20.330,1,17259645
2024,17,181100618,0.300,1,17259646
2024,12,184284688,15.000,9,17745406
2024,8,184284689,0.200,1,17745407
2024,1,184284689,0.060,1,17745408
2024,12,184284689,1.000,9,17745409
2024,1,192920005,0.500,1,19030712
2024,1,192920009,0.640,1,19030713
2024,1,184284694,0.500,1,17745411
2024,2,192920035,0.800,1,19030714
2024,8,185817618,4.000,9,17978314
2024,1,196751617,1.900,1,19556325
2024,5,181100627,5.620,1,17259647
2024,17,196751625,40.000,9,19556326
2024,5,198896153,15.000,1,19872351
2024,12,198896154,1.000,1,19872352
2024,15,182777737,2.000,1,17513572
2024,8,181100628,2.900,1,17259648
2024,2,187259167,1.000,1,18198940
2024,16,187259167,0.300,1,18198941
2024,8,187259167,6.000,9,18198942
2024,4,188490362,0.660,1,18382820
2024,1,188490362,0.590,1,18382821
2024,8,188490369,0.800,1,18382826
2024,5,188490371,4.100,1,18382828
2024,8,188490374,4.600,1,18382829
2024,1,188490374,0.200,1,18382830
2024,16,188490374,1.000,9,18382831
2024,2,190248163,0.640,1,18640300
2024,8,188490379,1.000,1,18382836
2024,2,190248164,0.700,1,18640301
2024,1,192920042,0.500,1,19030715
2024,8,192920043,2.000,9,19030716
2024,8,192920044,18.000,9,19030717
2024,1,192920045,0.650,1,19030718
2024,5,192920046,40.000,1,19030719
2024,1,192920050,0.200,1,19030720
2024,1,192920052,1.300,1,19030721
2024,1,192920053,1.700,1,19030722
2024,2,192920054,1.000,1,19030723
2024,1,182777776,0.700,1,17513573
2024,1,194855723,1.000,1,19300114
2024,5,194855723,4.350,3,19300115
2024,1,194855724,0.300,1,19300116
2024,1,194855726,0.620,1,19300118
2024,1,194855728,0.160,1,19300120
2024,2,196751643,1.002,1,19556328
2024,1,181100637,0.250,1,17259649
2024,8,181100637,8.060,1,17259650
2024,5,185160016,1.000,11,17884381
2024,12,191787433,18.000,9,18862800
2024,5,191787434,9.200,3,18862801
2024,5,181730668,1.000,1,17350596
2024,5,184284110,1.000,9,17745286
2024,5,183321187,7.400,3,17601659
2024,2,183321188,0.200,1,17601660
2024,2,193168242,0.100,1,19067078
2024,1,193168242,2.700,1,19067079
2024,5,186839134,1.000,3,18132172
2024,5,184640405,84.000,1,17801712
2024,5,190248062,4.090,3,18640289
2024,5,182777633,9.400,1,17513550
2024,5,186150369,3.600,1,18033321
2024,5,188489805,1.000,1,18382711
2024,5,190248068,1.000,1,18640292
2024,5,190248070,1.000,11,18640293
2024,5,190248084,1.000,11,18640295
2024,5,197690244,7.000,1,19694525
2024,5,197690247,10.700,1,19694526
2024,12,197690271,15.000,9,19694528
2024,5,197690284,1.000,9,19694529
2024,5,182777639,1.000,1,17513551
2024,5,197690305,5.900,1,19694533
2024,5,197690311,0.160,3,19694536
2024,5,197690322,20.005,1,19694538
2024,5,197690323,4.400,1,19694539
2024,5,197690323,1.000,11,19694540
2024,5,197690326,1.000,1,19694542
2024,5,197690340,0.040,3,19694543
2024,5,182777642,3.100,1,17513552
2024,5,182777644,1.000,1,17513553
2024,1,183922655,0.900,1,17685849
2024,8,183922656,1.000,11,17685850
2024,1,183922657,5.860,1,17685851
2024,8,183922659,5.300,1,17685852
2024,17,194854856,60.000,1,19299952
2024,8,194854856,2.500,1,19299953
2024,2,191531715,8.600,1,18826509
2024,8,191531717,6.000,1,18826510
2024,16,183922662,4.000,9,17685853
2024,8,191531728,1.000,11,18826511
2024,15,191531738,11.700,1,18826512
2024,1,183922664,16.024,1,17685854
2024,8,183922664,15.063,1,17685855
2024,1,183922666,15.910,1,17685857
2024,16,183922666,7.110,1,17685858
2024,4,183922668,170.000,1,17685859
2024,16,183922668,119.000,1,17685860
2024,8,183922669,37.005,2,17685862
2024,12,183922669,3.300,2,17685863
2024,5,183922669,16.800,4,17685864
2024,2,183922673,2.030,1,17685865
2024,2,183922676,3.500,1,17685866
2024,8,191531769,0.800,1,18826513
2024,2,191531770,0.080,1,18826514
2024,2,183922677,8247.900,1,17685867
2024,2,191531773,3.200,1,18826515
2024,8,191531775,0.100,1,18826516
2024,2,191531780,2.400,1,18826517
2024,8,191531781,37.000,9,18826518
2024,8,183922678,17.930,1,17685868
2024,2,183922678,5.900,1,17685869
2024,1,183922678,9.120,1,17685870
2024,8,183922679,1.700,1,17685871
2024,1,183922680,33.046,1,17685872
2024,5,183922680,126.000,1,17685873
2024,17,191531794,25.000,1,18826519
2024,1,187845035,7.300,1,18285520
2024,8,187845035,7.300,1,18285521
2024,2,194854864,1.000,11,19299956
2024,8,187845036,12.670,1,18285522
2024,2,187845036,45.500,1,18285523
2024,12,183922683,1.000,11,17685874
2024,2,194854874,77.000,1,19299958
2024,1,187845037,12.600,1,18285524
2024,8,187845037,4.009,1,18285525
2024,8,194854886,1.000,9,19299963
2024,8,195368008,7.000,9,19372032
2024,1,187845039,11.750,1,18285526
2024,2,187845045,1.000,11,18285527
2024,2,187845046,1.500,1,18285528
2024,16,195368016,65.000,9,19372033
2024,12,195368016,30.000,9,19372034
2024,1,187845048,3.170,1,18285529
2024,8,187845048,6.084,1,18285530
2024,16,183922686,1.000,11,17685875
2024,8,187845049,768.052,1,18285531
2024,2,187845049,17.023,1,18285532
2024,5,187845049,245.400,1,18285533
2024,8,187845051,768.052,1,18285534
2024,5,187845051,245.400,1,18285535
2024,2,187845051,17.023,1,18285536
2024,2,187845053,9.900,1,18285537
2024,8,195368025,9.000,1,19372036
2024,1,187845055,57.800,1,18285538
2024,2,187845055,19.500,1,18285539
2024,1,187845056,332.000,1,18285540
2024,8,187845060,15.000,9,18285541
2024,8,187845061,144.006,1,18285542
2024,8,187845065,1.000,9,18285543
2024,2,195368076,5.250,1,19372037
2024,1,183922692,3.900,1,17685877
2024,12,183922692,5.000,9,17685878
2024,4,183922693,1.700,1,17685879
2024,1,191531799,43.100,1,18826520
2024,16,191531799,94.001,1,18826521
2024,5,191531799,1702.000,1,18826522
2024,1,191531801,95.900,1,18826523
2024,2,191531801,235.800,1,18826524
2024,2,191531803,2119.000,1,18826525
2024,16,191531803,83.700,1,18826526
2024,1,191531805,95.900,1,18826527
2024,2,191531805,235.800,1,18826528
2024,8,191531806,15.900,1,18826529
2024,8,191531807,3850.000,1,18826530
2024,12,183922699,238.002,1,17685880
2024,1,183922699,3.400,1,17685881
2024,1,191531808,34.900,1,18826531
2024,8,191531808,77.008,1,18826532
2024,16,191531809,8.000,9,18826533
2024,2,191531810,4.490,1,18826534
2024,8,191531810,3.670,1,18826535
2024,1,191531810,2.480,1,18826536
2024,8,191531811,9.000,9,18826537
2024,8,191531812,1.000,11,18826538
2024,1,191531813,23.200,1,18826539
2024,16,191531813,18.700,1,18826540
2024,2,191531814,4455.007,1,18826541
2024,8,191531815,10.000,9,18826542
2024,2,191531817,0.450,1,18826543
2024,8,191531818,114.800,1,18826544
2024,2,191531818,1.800,1,18826545
2024,5,191531818,311.500,1,18826546
2024,8,191531819,277.000,1,18826547
2024,1,191531819,10.000,1,18826548
2024,12,191531820,5.180,1,18826549
2024,5,183922708,460.000,1,17685883
2024,2,191531821,25.400,1,18826550
2024,8,191531822,1.000,9,18826551
2024,8,191531823,1.000,9,18826552
2024,2,191531825,6.600,1,18826553
2024,8,191531825,29.076,1,18826554
2024,8,191531826,4.890,1,18826555
2024,8,191531827,1.000,9,18826556
2024,8,191531828,3.000,9,18826557
2024,8,191531829,8.000,9,18826558
2024,8,191531830,449.500,1,18826559
2024,2,191531830,0.450,1,18826560
2024,16,191531831,3.220,1,18826561
2024,5,191531831,2097.069,1,18826562
2024,2,191531832,5.200,1,18826563
2024,2,191531833,55.004,1,18826564
2024,8,191531833,9.900,1,18826565
2024,5,191531833,4330.004,1,18826566
2024,16,191531835,1.000,1,18826567
2024,8,191531836,1.000,1,18826568
2024,8,191531837,1.000,1,18826569
2024,8,191531838,1.000,9,18826570
2024,16,191531839,1.000,1,18826571
2024,16,191531840,1.000,1,18826572
2024,8,191531841,1.000,9,18826573
2024,8,191531842,1.000,1,18826574
2024,8,191531843,2.000,9,18826575
2024,8,191531843,1.000,1,18826576
2024,8,191531844,0.090,1,18826577
2024,8,191531845,1.000,11,18826578
2024,8,191531846,9.000,1,18826579
2024,8,191531847,1.000,9,18826580
2024,8,191531848,9.000,1,18826581
2024,8,191531849,5.000,1,18826582
2024,1,191531850,210.000,1,18826583
2024,8,191531851,1.000,1,18826584
2024,16,191531852,1.000,9,18826585
2024,5,191531853,11.900,1,18826586
2024,1,191531853,2.008,1,18826587
2024,8,191531853,0.220,1,18826588
2024,8,191531854,9.000,9,18826589
2024,1,191531855,0.930,1,18826590
2024,5,191531856,1469.100,1,18826591
2024,1,191531857,157.003,1,18826592
2024,2,191531857,101.800,1,18826593
2024,8,191531857,58.000,1,18826594
2024,8,191531858,1.000,9,18826595
2024,8,191531859,1.000,9,18826596
2024,1,191531861,19.008,1,18826597
2024,2,191531861,4.000,1,18826598
2024,1,191531862,2.900,1,18826600
2024,2,191531863,4.800,1,18826601
2024,2,183922716,1.000,11,17685884
2024,8,194854930,48.082,1,19299968
2024,2,194854930,163.082,1,19299969
2024,17,194854930,7.290,1,19299970
2024,8,194854931,82.058,1,19299971
2024,1,194854931,0.600,1,19299972
2024,8,194854933,82.058,1,19299973
2024,1,194854933,0.600,1,19299974
2024,12,194854935,3153.008,1,19299975
2024,8,194854939,1.000,9,19299976
2024,8,194854943,36.004,1,19299977
2024,2,194854943,1.500,1,19299978
2024,11,194854943,4.500,1,19299979
2024,8,194854945,8.000,1,19299980
2024,1,194854947,35.000,1,19299981
2024,8,194854948,1.400,1,19299982
2024,1,194854951,1.000,9,19299983
2024,2,194854955,75.077,1,19299984
2024,8,194854955,1485.085,1,19299985
2024,1,194854955,89.013,1,19299986
2024,8,194854956,4.700,1,19299987
2024,8,194854957,2.500,1,19299988
2024,2,194854958,236.009,1,19299989
2024,1,194854958,53.700,1,19299990
2024,4,195368086,2.630,1,19372038
2024,2,195368088,501.200,1,19372039
2024,1,195368088,28.100,1,19372040
2024,11,195368089,13.000,1,19372042
2024,2,195368090,2.900,1,19372043
2024,5,195368090,3146.000,1,19372044
2024,1,195368091,329.001,1,19372045
2024,1,195368092,329.001,1,19372046
2024,8,195368093,29.009,1,19372047
2024,2,195368093,18.300,1,19372048
2024,8,195368097,8.100,1,19372052
2024,2,187845092,1.000,9,18285544
2024,2,195368098,9.002,4,19372053
2024,1,195368099,44.100,1,19372054
2024,2,195368099,5.300,1,19372055
2024,8,195368099,11.300,1,19372056
2024,12,195368100,21.500,1,19372057
2024,8,195368100,7.000,1,19372058
2024,2,195368101,1.100,1,19372059
2024,2,195368102,23.200,1,19372060
2024,2,195368103,94.300,1,19372061
2024,8,187845097,548.001,1,18285545
2024,1,187845097,12.500,1,18285546
2024,8,187845097,37.000,9,18285547
2024,2,195368104,2.000,2,19372062
2024,12,195368105,7.000,1,19372063
2024,8,195368106,34.900,1,19372064
2024,1,195368106,7.600,1,19372065
2024,8,195368107,34.900,1,19372066
2024,1,195368107,7.600,1,19372067
2024,8,195368110,20.000,9,19372068
2024,5,195368110,2559.000,1,19372069
2024,11,195368110,478.000,1,19372070
2024,5,195368111,489.000,1,19372071
2024,5,195368112,1600.000,1,19372072
2024,2,195368114,3.000,2,19372073
2024,5,195368115,4.500,4,19372074
2024,2,195368116,104.500,1,19372075
2024,1,195368116,29.400,1,19372076
2024,8,194854959,10.000,9,19299991
2024,8,195368117,1.000,9,19372078
2024,8,195368119,2.000,9,19372079
2024,2,195368122,6.700,8,19372080
2024,2,183922719,2.700,1,17685885
2024,8,183922719,0.700,1,17685886
2024,5,195368123,25.700,1,19372081
2024,11,195368125,315.500,1,19372082
2024,5,195368125,3.400,4,19372083
2024,16,195368125,14.000,9,19372084
2024,16,195368126,10.800,1,19372085
2024,1,195368127,171.009,1,19372086
2024,12,195368127,11.900,1,19372087
2024,1,195368128,19.800,1,19372088
2024,16,195368128,17.000,1,19372089
2024,4,195368128,30.100,1,19372090
2024,2,195368131,8.900,1,19372091
2024,8,195368131,29.700,1,19372092
2024,5,195368131,7.000,4,19372093
2024,1,195368132,6.001,1,19372094
2024,2,195368132,8.800,1,19372095
2024,2,195368133,1.000,1,19372097
2024,5,195368134,88.004,1,19372098
2024,2,195368134,2.005,1,19372099
2024,5,195368135,19.600,1,19372101
2024,1,187845103,21.500,1,18285548
2024,1,195368136,7.600,1,19372102
2024,8,195368136,11.000,9,19372103
2024,5,195368137,439.008,1,19372104
2024,16,195368137,28.007,1,19372105
2024,8,195368138,150.009,1,19372106
2024,2,195368138,24.500,1,19372107
2024,5,195368138,1673.500,1,19372108
2024,2,195368139,54.100,1,19372109
2024,8,195368139,12.006,1,19372110
2024,1,195368140,32.600,1,19372111
2024,16,195368141,1.000,9,19372112
2024,16,195368142,1.000,9,19372113
2024,1,195368143,10.900,3,19372114
2024,2,183922722,15.007,1,17685887
2024,8,183922722,227.005,9,17685888
2024,12,183922724,2.400,1,17685889
2024,1,183922725,13.200,1,17685890
2024,2,187845118,4.200,1,18285549
2024,16,183922726,1.000,11,17685891
2024,2,183922728,4.000,1,17685892
2024,6,191531873,24.000,9,18826602
2024,12,191531873,10.000,9,18826603
2024,2,187845128,1.850,1,18285550
2024,8,183922729,0.100,1,17685893
2024,8,183922729,2.000,9,17685894
2024,2,183922729,0.400,1,17685895
2024,5,187845131,151.003,1,18285551
2024,11,187845131,43.800,1,18285552
2024,2,187845132,1.000,1,18285553
2024,1,187845134,0.560,1,18285554
2024,1,191531876,0.210,1,18826604
2024,2,191531877,2.700,1,18826605
2024,2,191531879,0.500,1,18826606
2024,16,194854966,1.700,1,19299992
2024,1,194854966,1.520,1,19299993
2024,1,195368148,0.000,9,19372115
2024,8,191531883,0.250,1,18826610
2024,2,191531885,5.480,1,18826611
2024,1,194854967,4.600,1,19299994
2024,8,194854967,9.000,9,19299995
2024,12,191531895,11.000,9,18826614
2024,5,183922730,79.700,1,17685896
2024,12,191531897,4.000,9,18826615
2024,8,191531898,1.000,9,18826616
2024,2,191531898,5.000,1,18826617
2024,16,191531898,1.000,9,18826618
2024,12,195368149,1.320,1,19372116
2024,8,191531899,2.000,1,18826619
2024,2,194854969,0.010,1,19299996
2024,8,194854970,1.000,9,19299997
2024,17,194854970,5.000,9,19299998
2024,1,194854973,4.002,1,19299999
2024,5,195368150,93.700,1,19372117
2024,1,194854983,0.080,1,19300000
2024,8,194854993,2.009,1,19300001
2024,2,194854999,0.840,1,19300002
2024,2,194855005,1.500,1,19300003
2024,12,194855005,2.000,9,19300004
2024,11,194855006,0.730,1,19300005
2024,2,194855007,0.370,1,19300006
2024,2,194855008,0.740,1,19300007
2024,2,195368151,2.000,1,19372118
2024,12,195368151,0.250,1,19372119
2024,1,195368155,3.000,1,19372120
2024,2,183922733,1.200,1,17685897
2024,1,195368160,1.000,9,19372121
2024,8,195368160,0.140,1,19372122
2024,2,195368162,0.930,1,19372123
2024,1,195368166,0.500,1,19372124
2024,2,195368169,5.008,1,19372125
2024,16,195368169,8.500,1,19372126
2024,8,195368171,1.640,1,19372127
2024,1,195368174,0.060,1,19372128
2024,1,195368175,0.310,1,19372129
2024,2,195368176,0.440,1,19372130
2024,5,195368178,92.600,1,19372131
2024,1,195368181,1.000,1,19372132
2024,12,195368186,3.000,1,19372133
2024,2,195368187,1.240,1,19372134
2024,2,195368189,0.240,1,19372135
2024,12,195368189,3.059,1,19372136
2024,1,195368190,2.066,1,19372137
2024,2,195368192,0.350,1,19372138
2024,2,195368194,0.750,1,19372139
2024,5,187845141,160.500,1,18285555
2024,12,187845143,1.012,1,18285556
2024,2,187845144,1.500,1,18285557
2024,16,187845144,1.500,1,18285558
2024,1,185160026,1.000,1,17884382
2024,5,185160026,0.100,1,17884383
2024,2,183321264,0.040,1,17601675
2024,5,183321266,4.627,4,17601676
2024,12,186728050,0.800,1,18115093
2024,5,186728051,6.070,3,18115094
2024,1,189010011,2.800,1,18463010
2024,5,189010015,3.100,3,18463011
2024,1,194855178,2.400,1,19300039
2024,5,189010016,1.020,3,18463012
2024,5,189010017,2.010,3,18463013
2024,8,189989257,0.340,1,18610233
2024,16,192133691,1.620,3,18913424
2024,1,192133691,1.410,3,18913425
2024,12,192133693,120.000,9,18913426
2024,1,192133693,0.950,1,18913427
2024,11,192133694,10.000,1,18913428
2024,5,192133694,9.380,3,18913429
2024,1,192133700,0.100,1,18913431
2024,5,192133710,8.540,3,18913432
2024,8,192133711,0.600,5,18913433
2024,8,194855207,0.600,1,19300043
2024,8,194855222,2.000,9,19300045
2024,1,194855230,5.440,1,19300047
2024,8,194855244,2.000,9,19300050
2024,8,194855267,2.000,9,19300051
2024,5,194855331,4.300,7,19300057
2024,12,185160037,2.500,9,17884384
2024,5,185160042,2.729,2,17884385
2024,2,186728041,2.000,1,18115092
2024,8,192133470,8.000,9,18913367
2024,8,188809395,1.000,9,18431241
2024,1,189989187,0.200,1,18610203
2024,5,192133473,4.125,4,18913368
2024,2,192133475,7.000,1,18913369
2024,16,192133477,1.300,1,18913370
2024,12,192133477,4.900,1,18913371
2024,2,192133478,1.000,1,18913373
2024,12,195368205,3.000,1,19372143
2024,8,195368205,67.000,1,19372144
2024,16,192133500,0.012,1,18913377
2024,2,192133502,1.500,1,18913378
2024,2,192133506,1.900,1,18913379
2024,5,192133506,4.400,1,18913380
2024,12,192133506,5.000,9,18913381
2024,12,192133509,7.000,9,18913382
2024,16,195368206,3.000,9,19372145
2024,12,195368207,0.860,1,19372146
2024,5,195368211,10.300,3,19372147
2024,8,195368214,1.000,9,19372148
2024,15,195368216,2.760,1,19372149
2024,2,195368220,1.020,1,19372150
2024,8,195368226,4.000,9,19372151
2024,5,183321304,3.133,2,17601679
2024,16,183321306,0.740,1,17601680
2024,1,192133564,0.450,1,18913384
2024,5,183321316,2.300,3,17601682
2024,5,192133568,75.000,1,18913385
2024,2,192133569,40.000,1,18913386
2024,8,192133569,1.700,1,18913387
2024,8,192133572,3.140,1,18913388
2024,5,192133572,3.250,3,18913389
2024,2,192133575,0.840,1,18913390
2024,2,192133579,0.010,1,18913391
2024,16,192133585,3.750,1,18913392
2024,1,192133586,1.000,9,18913393
2024,2,192133588,12.330,1,18913394
2024,2,192133592,1.320,1,18913395
2024,16,192133596,7.000,9,18913396
2024,5,192133598,1.100,2,18913397
2024,16,192133601,3.000,9,18913398
2024,8,195368251,32.400,1,19372152
2024,2,195368251,0.002,1,19372153
2024,12,192133616,21.450,1,18913403
2024,8,192133616,1.000,7,18913404
2024,2,192133619,0.011,1,18913405
2024,16,194855044,0.370,1,19300023
2024,1,194855044,0.070,1,19300024
2024,5,194855047,70.000,1,19300025
2024,11,194855047,36.000,1,19300026
2024,1,194855054,5.100,1,19300027
2024,8,194855054,6.100,1,19300028
2024,8,194855056,1.000,1,19300029
2024,12,194855058,3.630,1,19300030
2024,5,194855059,3.000,3,19300031
2024,8,183321319,2.700,1,17601683
2024,16,183321319,0.300,1,17601684
2024,2,194855060,1.000,9,19300032
2024,5,194855066,16.649,3,19300033
2024,1,195368258,1.900,1,19372157
2024,2,195368259,4.007,1,19372158
2024,1,195368265,16.200,1,19372159
2024,1,195368266,5.900,1,19372160
2024,16,195368266,0.050,1,19372161
2024,1,195368267,6.000,1,19372162
2024,2,195368272,7.430,1,19372163
2024,1,195368273,9.750,1,19372164
2024,12,195368274,7.000,9,19372165
2024,5,195368275,142.000,1,19372166
2024,12,195368278,1.580,1,19372167
2024,2,195368280,0.200,1,19372168
2024,2,195368281,0.800,1,19372169
2024,16,195368282,25.000,9,19372170
2024,1,195368283,0.050,1,19372171
2024,8,195368287,2.000,9,19372172
2024,2,195368292,1.300,1,19372173
2024,2,195368294,1.000,1,19372174
2024,17,195368294,2.000,9,19372175
2024,2,195368295,1.000,1,19372176
2024,1,195368296,6.000,1,19372177
2024,5,183321320,4.100,3,17601685
2024,12,183922752,14.500,1,17685900
2024,8,183922752,2.400,1,17685901
2024,1,183922752,0.400,1,17685902
2024,8,183922753,1.300,1,17685903
2024,15,183922753,1.500,9,17685904
2024,16,183922754,1.500,1,17685905
2024,12,183922755,20.000,9,17685906
2024,1,183922757,1.350,1,17685907
2024,2,183321322,0.400,1,17601686
2024,12,183922760,0.720,1,17685908
2024,8,185160070,13.000,9,17884389
2024,2,185160072,1.000,9,17884390
2024,12,185160077,3.000,1,17884391
2024,5,185160081,107.000,1,17884392
2024,1,185817093,0.120,1,17978248
2024,1,185160082,2.910,1,17884393
2024,5,185160086,3.000,3,17884394
2024,2,185160089,2.300,1,17884395
2024,12,195368297,49.890,1,19372178
2024,1,185160090,2.000,9,17884396
2024,1,185160090,4.006,1,17884397
2024,2,185160091,0.119,1,17884398
2024,8,185817106,6.000,1,17978250
2024,2,189989196,1.000,1,18610204
2024,1,185817109,0.290,1,17978252
2024,1,185817111,0.880,1,17978253
2024,8,189010044,3.000,1,18463016
2024,2,185817114,0.320,1,17978255
2024,2,185817114,1.000,9,17978256
2024,2,185817115,2.009,1,17978257
2024,5,185817116,20.044,3,17978258
2024,17,189010048,12.000,9,18463018
2024,2,189989198,1.000,9,18610205
2024,2,189989199,1.000,9,18610206
2024,1,189989199,0.550,1,18610207
2024,2,189010054,10.000,1,18463019
2024,11,189010054,4.000,1,18463020
2024,1,189989201,1.000,9,18610208
2024,1,189010063,1.000,9,18463021
2024,2,185817128,13.400,1,17978262
2024,2,185817130,7.000,9,17978263
2024,12,185817130,1.570,1,17978264
2024,1,183321341,0.600,1,17601687
2024,8,183321341,0.700,1,17601688
2024,16,185817133,0.250,1,17978265
2024,12,185817134,2.000,1,17978266
2024,8,189989207,0.140,1,18610209
2024,12,187845196,1.000,1,18285576
2024,16,187845196,3.000,1,18285577
2024,16,189989210,4.000,1,18610210
2024,5,187845200,10.840,3,18285578
2024,12,189989212,0.760,1,18610211
2024,16,189989212,0.280,1,18610212
2024,2,189989212,3.000,9,18610213
2024,8,192133631,0.240,1,18913408
2024,2,183321345,1.000,11,17601689
2024,5,192133646,6.560,3,18913410
2024,2,183321346,1.000,9,17601690
2024,2,189010069,5.079,1,18463023
2024,11,189010072,6.000,1,18463024
2024,2,189010076,2.000,1,18463025
2024,2,189010078,10.045,1,18463026
2024,1,189010078,2.099,1,18463027
2024,8,189010078,3.880,1,18463028
2024,1,189010080,0.710,1,18463029
2024,8,189010080,0.570,1,18463030
2024,12,189010088,35.500,9,18463033
2024,13,195368303,11.000,9,19372179
2024,8,195368303,27.000,9,19372180
2024,7,189010089,1.500,9,18463034
2024,12,189010091,3.750,9,18463035
2024,8,189989214,5.000,1,18610214
2024,12,189989215,1.910,1,18610215
2024,1,189989216,3.005,1,18610216
2024,12,189989216,2.000,9,18610217
2024,8,183321348,2.000,9,17601691
2024,12,189989218,1.000,1,18610218
2024,17,189989219,3.990,1,18610219
2024,2,189989219,0.035,1,18610220
2024,7,189989220,2.000,9,18610222
2024,2,189989221,0.300,1,18610223
2024,2,195368323,48.000,1,19372181
2024,4,189989233,1.000,1,18610224
2024,8,189989234,10.000,9,18610225
2024,5,189989235,2.800,3,18610226
2024,2,189989236,0.100,1,18610227
2024,15,189989236,18.000,9,18610228
2024,2,189989237,0.450,1,18610229
2024,16,189989238,4.000,9,18610230
2024,11,189989239,2.000,1,18610231
2024,8,189989239,3.005,9,18610232
2024,2,183321355,0.800,1,17601694
2024,5,185160097,28.000,1,17884399
2024,3,185160097,31.000,9,17884400
2024,8,186728075,29.100,1,18115097
2024,12,187845246,4.700,1,18285592
2024,2,187845246,3.900,1,18285593
2024,8,187845249,0.800,1,18285594
2024,15,192133726,2.000,9,18913435
2024,5,192133730,8.890,4,18913437
2024,12,194855438,1.000,9,19300076
2024,8,194855441,3.200,1,19300077
2024,2,194855444,1.100,1,19300078
2024,11,194855459,7.640,1,19300080
2024,2,194855468,1.850,1,19300081
2024,12,194855472,0.500,5,19300083
2024,12,195368329,2.400,1,19372182
2024,11,195368331,7.700,1,19372183
