data_year,weapon_id,offense_id,nibrs_weapon_id
2022,5,188801303,
2022,42,197173550,
2022,39,193466669,
2022,41,193466670,
2022,41,182426672,
2022,41,182426696,
2022,41,188802702,
2022,3,193468256,
2022,41,181424765,
2022,42,177105427,
2022,42,177105412,
2022,21,179174506,
2022,41,181424781,
2022,21,185278519,
2022,42,179174589,
2022,41,181424853,
2022,38,181424868,
2022,41,182425437,
2022,41,185278272,
2022,42,183960443,
2022,42,187212859,
2022,41,185278511,
2022,41,188801286,
2022,7,187212875,
2022,7,187212876,
2022,31,201328347,
2022,42,187212872,
2022,41,177106408,
2022,41,177106316,
2022,41,177106322,
2022,41,177106331,
2022,41,187212874,
2022,42,187212887,
2022,41,190412807,
2022,41,190412814,
2022,41,187213028,
2022,42,187212798,
2022,42,188801281,
2022,41,188801283,
2022,42,188801285,
2022,41,190412788,
2022,42,190412793,
2022,42,190412712,
2022,42,191825609,
2022,41,199583006,
2022,41,195108600,
2022,42,201328337,
2022,42,197173171,
2022,42,195108398,
2022,42,197173173,
2022,42,197173169,
2022,35,181425744,
2022,41,177106382,
2022,41,185278658,
2022,41,177106386,
2022,41,177106332,
2022,41,179174934,
2022,41,197175043,
2022,41,179174991,
2022,3,197175061,
2022,42,187214352,
2022,42,187214321,
2022,42,188802751,
2022,42,190414497,
2022,41,193468289,
2022,42,197175208,
2022,41,179176324,
2022,38,179176597,
2022,41,181425702,
2022,41,185278667,
2022,31,181425726,
2022,41,185280217,
2022,41,195110443,
2022,41,193469024,
2022,41,197176327,
2022,41,195110282,
2022,41,197175125,
2022,41,182425879,
2022,3,183960646,
2022,41,182425786,
2022,41,185278690,
2022,41,185278701,
2022,41,185278632,
2022,42,197175081,
2022,41,183960707,
2022,3,183960663,
2022,41,183960679,
2022,3,183960685,
2022,41,183960683,
2022,41,183960691,
2022,41,187214426,
2022,42,195109192,
2022,3,190413851,
2022,3,190413852,
2022,41,183960716,
2022,42,183960724,
2022,41,185278672,
2022,41,183960729,
2022,41,183960717,
2022,41,183960721,
2022,41,190415434,
2022,41,185278705,
2022,41,185278720,
2022,41,185278707,
2022,3,185278702,
2022,41,197174821,
2022,41,185278759,
2022,41,185278729,
2022,41,185278742,
2022,41,185278791,
2022,41,187214529,
2022,41,187214479,
2022,41,187214618,
2022,31,187214629,
2022,42,190415442,
2022,41,187214626,
2022,41,188802265,
2022,41,188802382,
2022,38,188802350,
2022,41,188802363,
2022,41,197174963,
2022,41,190413910,
2022,42,190413918,
2022,39,197174988,
2022,41,190414036,
2022,38,191826239,
2022,42,190413977,
2022,42,197175016,
2022,41,191826269,
2022,38,191826243,
2022,42,191826244,
2022,38,191826249,
2022,38,191826253,
2022,41,197175051,
2022,41,197175053,
2022,42,191826238,
2022,42,191826255,
2022,42,193467543,
2022,39,199583872,
2022,42,193467516,
2022,41,197174322,
2022,42,193467575,
2022,41,193467587,
2022,41,195109215,
2022,42,193467541,
2022,41,197174363,
2022,42,195109186,
2022,31,195109194,
2022,38,195109201,
2022,41,197174383,
2022,42,197174356,
2022,42,197174385,
2022,41,197174424,
2022,41,197174425,
2022,42,195109220,
2022,41,197174397,
2022,42,199583886,
2022,42,177107152,
2022,41,179175685,
2022,31,177107221,
2022,42,179175720,
2022,3,181425814,
2022,3,182426564,
2022,42,183961683,
2022,42,177107239,
2022,41,187214239,
2022,41,187214240,
2022,42,177107286,
2022,41,197175192,
2022,41,197175193,
2022,41,177107202,
2022,32,179175756,
2022,41,179175756,
2022,32,179175757,
2022,41,179175757,
2022,42,182426642,
2022,41,179175678,
2022,42,182426688,
2022,38,179175641,
2022,41,181425532,
2022,21,179175597,
2022,42,179175606,
2022,42,179175615,
2022,42,181425539,
2022,3,195109706,
2022,31,179175671,
2022,42,179175672,
2022,42,181425578,
2022,42,181425661,
2022,21,182426500,
2022,42,181425624,
2022,42,181425629,
2022,31,181425584,
2022,42,181425594,
2022,42,181425600,
2022,42,181425628,
2022,21,181425667,
2022,42,181425692,
2022,41,181425770,
2022,31,182426656,
2022,3,193468005,
2022,3,183961897,
2022,32,182426582,
2022,31,182426593,
2022,41,182426513,
2022,3,182426579,
2022,42,188802752,
2022,3,183961767,
2022,42,182426708,
2022,42,182426744,
2022,42,182426787,
2022,3,182426576,
2022,41,191826616,
2022,42,197175262,
2022,38,183961797,
2022,42,182426686,
2022,21,193468027,
2022,41,183961821,
2022,42,183961792,
2022,41,187214305,
2022,41,197175130,
2022,42,183961834,
2022,42,188802773,
2022,42,185279276,
2022,41,185279287,
2022,42,187214428,
2022,21,185279218,
2022,42,187214484,
2022,42,185279246,
2022,42,188802806,
2022,21,185279269,
2022,21,187214297,
2022,21,190414332,
2022,42,185279260,
2022,9,187214310,
2022,42,185279257,
2022,42,185279263,
2022,42,187214332,
2022,42,187214331,
2022,21,193468030,
2022,21,188802884,
2022,41,187214369,
2022,42,188802892,
2022,41,188802840,
2022,42,188802941,
2022,41,187214437,
2022,31,188802943,
2022,31,188802944,
2022,42,187214430,
2022,42,187214446,
2022,41,188803008,
2022,42,193467999,
2022,41,193468024,
2022,42,187214461,
2022,3,187214468,
2022,41,193468054,
2022,41,187214511,
2022,21,195109694,
2022,42,199584758,
2022,3,191827003,
2022,42,177108019,
2022,41,179176116,
2022,42,179176134,
2022,42,191827009,
2022,42,179176120,
2022,42,181426189,
2022,41,188803352,
2022,42,199584777,
2022,42,188803236,
2022,42,179176312,
2022,41,181426218,
2022,41,182427107,
2022,32,197175224,
2022,41,182427163,
2022,42,181426281,
2022,42,181426199,
2022,42,193468051,
2022,42,182427184,
2022,42,182427183,
2022,3,191826624,
2022,42,193468060,
2022,42,182427171,
2022,42,185279947,
2022,42,185279948,
2022,41,199584776,
2022,42,182427238,
2022,21,191826612,
2022,41,182427263,
2022,41,188803428,
2022,38,187214719,
2022,42,182427293,
2022,42,190414280,
2022,42,182427276,
2022,38,182427341,
2022,41,190414318,
2022,38,183962618,
2022,41,190414313,
2022,38,183962658,
2022,32,197176412,
2022,42,187214654,
2022,41,187214672,
2022,42,188803296,
2022,41,187214749,
2022,41,199584905,
2022,41,187214791,
2022,41,187214792,
2022,41,187214710,
2022,41,187214755,
2022,42,197176418,
2022,41,191827000,
2022,42,199585170,
2022,42,190414961,
2022,42,191827030,
2022,42,191827031,
2022,3,191827041,
2022,21,190415015,
2022,21,191827046,
2022,41,190415029,
2022,42,193468793,
2022,42,191827056,
2022,42,197176423,
2022,42,191827058,
2022,3,191827024,
2022,31,191827039,
2022,3,195110467,
2022,3,195110468,
2022,31,195110468,
2022,41,195110468,
2022,42,197176425,
2022,42,197176426,
2022,41,197176427,
2022,21,193468749,
2022,3,193468777,
2022,42,197176361,
2022,42,193468832,
2022,42,193468812,
2022,42,193468765,
2022,31,197175913,
2022,42,197175947,
2022,41,195109958,
2022,42,193468095,
2022,41,195109994,
2022,31,195110013,
2022,41,190414349,
2022,42,195110026,
2022,39,188803318,
2022,3,188803258,
2022,41,188803301,
2022,41,188803324,
2022,38,188803346,
2022,41,188803350,
2022,41,188803364,
2022,42,191826595,
2022,31,190414378,
2022,31,197175142,
2022,42,193468143,
2022,42,190414292,
2022,42,190414391,
2022,42,190414414,
2022,21,190414367,
2022,41,195109720,
2022,42,190414439,
2022,21,190414489,
2022,42,199584649,
2022,21,190414542,
2022,32,197175856,
2022,42,197175857,
2022,38,193468154,
2022,42,191826676,
2022,42,190414482,
2022,21,191826716,
2022,21,195109739,
2022,21,195109742,
2022,41,191826703,
2022,3,193468183,
2022,42,191826729,
2022,42,193468194,
2022,41,193468211,
2022,31,191826747,
2022,42,191826701,
2022,41,193468221,
2022,42,191826715,
2022,42,193468249,
2022,42,191826737,
2022,41,191826742,
2022,1,191826730,
2022,3,197175222,
2022,42,191826746,
2022,3,197175250,
2022,42,193468198,
2022,42,191826740,
2022,42,191826751,
2022,21,197175274,
2022,41,191826764,
2022,42,197175190,
2022,37,199584729,
2022,42,193468186,
2022,41,197175260,
2022,3,195109830,
2022,3,197175220,
2022,41,193468200,
2022,42,193468254,
2022,41,193468210,
2022,42,193468212,
2022,42,193468216,
2022,41,193468266,
2022,21,195109594,
2022,42,195109622,
2022,3,197175279,
2022,41,195109669,
2022,41,195109705,
2022,42,197175282,
2022,3,197175311,
2022,42,195109638,
2022,42,197175271,
2022,42,195109628,
2022,4,201329667,
2022,42,199584965,
2022,42,197175335,
2022,41,197175341,
2022,21,197175374,
2022,31,197175384,
2022,42,197175462,
2022,42,179176420,
2022,42,197174530,
2022,4,199584021,
2022,42,179175162,
2022,42,179176430,
2022,42,179175182,
2022,42,181424931,
2022,42,182427362,
2022,41,179175219,
2022,42,181425064,
2022,42,197174549,
2022,42,190415128,
2022,42,181424948,
2022,42,181425034,
2022,42,183960799,
2022,42,183960812,
2022,42,188802403,
2022,41,183960801,
2022,42,183960814,
2022,3,197174602,
2022,42,185278818,
2022,42,197176157,
2022,42,187213939,
2022,41,187213979,
2022,42,190415179,
2022,42,191827180,
2022,41,187214035,
2022,42,191827192,
2022,41,187214068,
2022,42,187214082,
2022,41,188802464,
2022,21,188802490,
2022,41,188802462,
2022,41,188802494,
2022,41,188802495,
2022,31,197174615,
2022,31,197174616,
2022,42,190415347,
2022,38,191827218,
2022,42,190413880,
2022,42,190413894,
2022,42,190413895,
2022,42,190413904,
2022,42,197176196,
2022,42,191827186,
2022,42,197174546,
2022,42,191826312,
2022,41,191826293,
2022,42,195109337,
2022,21,195110261,
2022,42,193467608,
2022,42,193467638,
2022,41,193467611,
2022,41,193467612,
2022,21,197174631,
2022,41,197174586,
2022,42,193468898,
2022,42,195110200,
2022,42,199584825,
2022,21,182427438,
2022,5,199583932,
2022,41,181425354,
2022,41,182426208,
2022,41,182426221,
2022,41,182426224,
2022,38,185278884,
2022,42,183961099,
2022,38,191826484,
2022,42,190414062,
2022,41,193467914,
2022,41,195109414,
2022,41,195109437,
2022,3,181426332,
2022,3,181426334,
2022,42,188803481,
2022,38,193468859,
2022,42,195110232,
2022,42,195110135,
2022,42,195110136,
2022,41,177106383,
2022,21,177106419,
2022,42,177106420,
2022,41,179175032,
2022,42,177106486,
2022,4,191826101,
2022,3,191826103,
2022,42,177106469,
2022,42,182425584,
2022,4,187214129,
2022,4,187214130,
2022,21,179175062,
2022,21,179175063,
2022,42,182425635,
2022,42,179175170,
2022,41,179175143,
2022,42,187212799,
2022,3,181424949,
2022,3,181424950,
2022,41,181424960,
2022,41,187212792,
2022,41,182425654,
2022,41,181424983,
2022,21,177106521,
2022,42,188801562,
2022,7,187212800,
2022,32,199583013,
2022,42,179174529,
2022,41,182425685,
2022,42,187213076,
2022,21,187213087,
2022,42,182426753,
2022,42,187212802,
2022,41,182425639,
2022,3,187212807,
2022,21,182425450,
2022,42,182425464,
2022,42,182425475,
2022,32,187212812,
2022,41,183960478,
2022,42,193466652,
2022,42,183960468,
2022,42,183960479,
2022,41,183960483,
2022,42,185278263,
2022,41,185278288,
2022,42,185278543,
2022,42,185278553,
2022,41,185278575,
2022,41,193466769,
2022,3,188801272,
2022,42,185278289,
2022,41,187212829,
2022,38,187212832,
2022,41,201328561,
2022,41,187212813,
2022,41,187212816,
2022,41,187212818,
2022,41,191825533,
2022,42,187213203,
2022,42,188801417,
2022,42,188801427,
2022,42,188801442,
2022,42,188801451,
2022,42,188801295,
2022,3,188801307,
2022,42,190412726,
2022,3,195108430,
2022,42,190412816,
2022,41,190412728,
2022,42,191825543,
2022,41,191825550,
2022,41,191825551,
2022,42,191825552,
2022,21,193466663,
2022,41,193466666,
2022,41,182426788,
2022,41,182426774,
2022,41,195108408,
2022,42,183961614,
2022,42,195108410,
2022,42,195108415,
2022,41,197173493,
2022,41,197173529,
2022,42,197173569,
2022,41,199583096,
2022,41,197173518,
2022,41,182425801,
2022,42,182427013,
2022,42,182427014,
2022,41,185279377,
2022,41,185279403,
2022,42,201328966,
2022,41,183961913,
2022,42,183961930,
2022,42,185279458,
2022,42,183961980,
2022,42,183961981,
2022,41,183962019,
2022,42,185280341,
2022,41,183962009,
2022,42,185279807,
2022,42,185279808,
2022,41,185279858,
2022,42,187214470,
2022,42,188801755,
2022,42,187215413,
2022,41,188801769,
2022,42,188801780,
2022,41,188801840,
2022,42,197174016,
2022,41,190413734,
2022,41,199583758,
2022,41,188801883,
2022,42,188801887,
2022,42,190413766,
2022,42,188801940,
2022,42,190413787,
2022,42,193467328,
2022,41,190413767,
2022,41,191826174,
2022,41,191826175,
2022,41,193467302,
2022,41,193467312,
2022,41,193467348,
2022,41,193467380,
2022,42,199583691,
2022,41,195109126,
2022,41,195109046,
2022,42,195109068,
2022,42,195109048,
2022,41,195109051,
2022,42,195109055,
2022,42,195109064,
2022,42,197174103,
2022,41,179175010,
2022,42,201329870,
2022,41,177107301,
2022,3,181425972,
2022,3,181425973,
2022,3,181425995,
2022,42,179175737,
2022,42,179175764,
2022,42,181425955,
2022,21,181426004,
2022,41,181425933,
2022,42,181426007,
2022,42,181426035,
2022,42,181425971,
2022,42,193468334,
2022,3,201330131,
2022,36,183962201,
2022,3,183962220,
2022,42,183962214,
2022,42,183962215,
2022,5,183962217,
2022,7,183962217,
2022,42,195109814,
2022,41,195109815,
2022,42,183962193,
2022,42,183962124,
2022,41,183962153,
2022,41,183962171,
2022,42,185279559,
2022,41,185279428,
2022,42,190414536,
2022,42,185279484,
2022,42,185279623,
2022,3,185279630,
2022,42,185279658,
2022,41,185279738,
2022,42,185279769,
2022,42,187214356,
2022,42,190414504,
2022,42,185279804,
2022,42,190414517,
2022,3,193468437,
2022,42,185279861,
2022,42,187214398,
2022,3,187214429,
2022,42,187214444,
2022,42,187214445,
2022,42,187214381,
2022,41,187214402,
2022,42,191826787,
2022,41,187214435,
2022,7,191826797,
2022,42,201330278,
2022,42,191826766,
2022,42,193468327,
2022,42,193468344,
2022,41,188802783,
2022,42,190414540,
2022,42,188802851,
2022,42,197175312,
2022,41,190414605,
2022,38,188802809,
2022,42,190414610,
2022,42,190414621,
2022,5,195109841,
2022,7,195109841,
2022,42,199584948,
2022,41,193468355,
2022,38,195110364,
2022,3,197175334,
2022,42,195109831,
2022,42,201329724,
2022,32,197175393,
2022,42,197175281,
2022,42,193467508,
2022,42,183962222,
2022,42,179174501,
2022,32,185278233,
2022,42,183960426,
2022,42,185278235,
2022,42,181425536,
2022,42,181425542,
2022,42,182426466,
2022,42,185279144,
2022,42,193467979,
2022,42,188802629,
2022,41,201329555,
2022,3,188802661,
2022,41,179177164,
2022,41,201329743,
2022,41,179175742,
2022,41,182426644,
2022,42,179175778,
2022,41,182426634,
2022,31,181425800,
2022,41,181425834,
2022,41,181425750,
2022,41,182426592,
2022,41,181425804,
2022,41,199584481,
2022,41,193468034,
2022,42,182426740,
2022,41,185279293,
2022,41,182426768,
2022,41,182426598,
2022,42,183962152,
2022,42,197175895,
2022,41,182426638,
2022,21,183962174,
2022,41,185279312,
2022,38,185279320,
2022,38,185279324,
2022,41,182427466,
2022,41,187214396,
2022,41,182427469,
2022,41,182426655,
2022,32,183963082,
2022,21,183962203,
2022,31,183962203,
2022,38,191826604,
2022,41,185280329,
2022,35,190414412,
2022,41,187214334,
2022,41,183962398,
2022,42,187214300,
2022,41,188802724,
2022,42,185280332,
2022,38,188802737,
2022,42,185280335,
2022,1,193468041,
2022,38,185279364,
2022,41,188802685,
2022,42,187214431,
2022,42,187214528,
2022,41,193468075,
2022,41,201330041,
2022,41,187214263,
2022,41,187214276,
2022,42,190414543,
2022,42,187214284,
2022,41,199584832,
2022,41,188802738,
2022,3,197175952,
2022,42,191826663,
2022,42,188802714,
2022,3,190414550,
2022,7,190414550,
2022,31,190414550,
2022,3,190414551,
2022,7,190414551,
2022,31,190414551,
2022,41,193468105,
2022,41,190414408,
2022,41,193468122,
2022,42,190414457,
2022,41,188802733,
2022,41,190414469,
2022,21,197176419,
2022,41,188802740,
2022,41,191826655,
2022,41,188802704,
2022,21,190414442,
2022,41,199584305,
2022,41,190414460,
2022,31,190414548,
2022,41,190414548,
2022,7,191826681,
2022,41,199584311,
2022,41,199584406,
2022,41,193468074,
2022,41,190414503,
2022,21,190414557,
2022,21,190414558,
2022,41,190414559,
2022,41,193468096,
2022,41,199584592,
2022,21,193468152,
2022,41,193468152,
2022,3,201329776,
2022,41,190414483,
2022,42,193468168,
2022,38,193468201,
2022,41,190414554,
2022,41,191826728,
2022,41,191826693,
2022,41,193468121,
2022,38,193468128,
2022,21,197176402,
2022,42,195109761,
2022,41,199584478,
2022,41,193468145,
2022,41,195109703,
2022,42,195109716,
2022,41,195109722,
2022,41,199584382,
2022,41,197175956,
2022,41,197175945,
2022,41,197175995,
2022,41,197176015,
2022,41,199584385,
2022,42,197176028,
2022,42,181425005,
2022,42,179174956,
2022,41,179176488,
2022,38,201328469,
2022,42,179175035,
2022,3,191825654,
2022,42,179175031,
2022,32,179175072,
2022,42,182425708,
2022,21,183960865,
2022,42,183960866,
2022,42,190412899,
2022,42,183960899,
2022,42,183960912,
2022,3,183960858,
2022,41,195108671,
2022,42,179175203,
2022,41,190412912,
2022,3,179175211,
2022,39,183960867,
2022,42,179175270,
2022,42,179175413,
2022,3,191825663,
2022,31,181425052,
2022,42,181425150,
2022,42,179175590,
2022,42,182425749,
2022,42,183960918,
2022,32,183960919,
2022,3,183960941,
2022,42,188802150,
2022,42,187213677,
2022,3,193466706,
2022,41,183960916,
2022,41,181425093,
2022,21,181425113,
2022,3,179175509,
2022,31,181425103,
2022,42,181425114,
2022,42,182427046,
2022,42,188802188,
2022,42,183960943,
2022,42,187212942,
2022,42,188802215,
2022,42,190412922,
2022,39,193466675,
2022,41,181425188,
2022,42,185278337,
2022,41,183960936,
2022,42,181425165,
2022,42,185278357,
2022,21,191825660,
2022,21,182425886,
2022,41,182425886,
2022,41,182425887,
2022,41,181425255,
2022,42,193466680,
2022,42,181425232,
2022,42,182425834,
2022,42,182425835,
2022,42,188801470,
2022,42,183962307,
2022,42,199583042,
2022,41,181425316,
2022,41,182425901,
2022,42,182425891,
2022,3,187212953,
2022,3,187212954,
2022,42,183960982,
2022,42,182425967,
2022,31,182425945,
2022,41,182425945,
2022,38,182425968,
2022,3,187212962,
2022,42,182426130,
2022,21,182426131,
2022,31,182426131,
2022,42,182425942,
2022,42,182425948,
2022,42,182426096,
2022,9,185278345,
2022,37,201328556,
2022,41,201328557,
2022,41,182425997,
2022,42,185278819,
2022,42,190412986,
2022,21,182426124,
2022,41,182426144,
2022,42,199583022,
2022,42,183961050,
2022,3,195108634,
2022,42,191825667,
2022,38,183961145,
2022,42,183961051,
2022,42,182427421,
2022,42,190412938,
2022,41,182426368,
2022,38,183961085,
2022,21,185278387,
2022,21,185278352,
2022,42,183961194,
2022,42,201328460,
2022,41,190412941,
2022,42,183961151,
2022,42,193466677,
2022,3,183961109,
2022,31,185278406,
2022,41,185278406,
2022,41,183962730,
2022,42,185278385,
2022,41,187213741,
2022,3,183961148,
2022,42,190412995,
2022,42,183961163,
2022,42,183961185,
2022,42,183961174,
2022,42,183961270,
2022,41,183961235,
2022,42,197173325,
2022,21,183961278,
2022,42,183961331,
2022,21,185278386,
2022,32,185278404,
2022,39,199583037,
2022,38,199583043,
2022,42,197173308,
2022,39,187212986,
2022,42,197173319,
2022,42,187213046,
2022,21,183961327,
2022,9,190412951,
2022,42,190412959,
2022,42,185278874,
2022,21,183961436,
2022,21,183961439,
2022,41,185278920,
2022,38,183961378,
2022,42,190412950,
2022,3,187213009,
2022,21,187213031,
2022,42,185278451,
2022,42,185278454,
2022,38,187213049,
2022,41,185278431,
2022,42,195108670,
2022,42,185278557,
2022,21,185278522,
2022,42,193466693,
2022,42,187213018,
2022,42,187213019,
2022,42,185278665,
2022,42,185278572,
2022,41,187213064,
2022,3,199583192,
2022,41,199583187,
2022,42,190412956,
2022,31,187213053,
2022,41,187213053,
2022,21,187214235,
2022,41,190412963,
2022,41,185278633,
2022,31,185278749,
2022,41,190412972,
2022,42,190412966,
2022,42,190412967,
2022,3,199583058,
2022,3,199583060,
2022,42,197173343,
2022,39,187213100,
2022,42,187213127,
2022,42,188801493,
2022,38,199583073,
2022,41,190412960,
2022,42,187213285,
2022,41,199583044,
2022,42,187214717,
2022,42,191825712,
2022,42,190412965,
2022,21,188802205,
2022,3,190412987,
2022,41,187213391,
2022,41,190412998,
2022,41,195108685,
2022,41,187213359,
2022,38,201328543,
2022,31,190412975,
2022,3,197173387,
2022,42,191825713,
2022,42,188801575,
2022,3,190412997,
2022,42,193466733,
2022,42,197173394,
2022,42,193466748,
2022,42,187213543,
2022,41,187213561,
2022,31,191825714,
2022,38,188801610,
2022,41,188801647,
2022,41,201328529,
2022,31,188801745,
2022,3,201328534,
2022,42,188801776,
2022,42,188801846,
2022,42,197173383,
2022,42,197173396,
2022,42,195108689,
2022,42,195108690,
2022,5,195108708,
2022,5,195108710,
2022,42,188802814,
2022,42,188802949,
2022,31,188801878,
2022,41,201328580,
2022,42,190413040,
2022,41,191825726,
2022,31,190413069,
2022,42,190413019,
2022,42,188801900,
2022,41,193466689,
2022,42,188801983,
2022,42,190413067,
2022,41,188802128,
2022,42,188802002,
2022,42,199583193,
2022,42,188802084,
2022,42,197173419,
2022,38,188802088,
2022,3,190413074,
2022,42,188802146,
2022,38,190413140,
2022,3,195108716,
2022,3,199583206,
2022,41,191825729,
2022,42,201328708,
2022,42,190413144,
2022,42,191825717,
2022,42,190413076,
2022,42,193466719,
2022,42,190413107,
2022,31,190413130,
2022,42,190413136,
2022,42,195108734,
2022,42,201328491,
2022,41,190413157,
2022,42,191825731,
2022,42,193466737,
2022,42,191825738,
2022,41,190413236,
2022,41,190413298,
2022,21,195108717,
2022,42,190413393,
2022,42,190413394,
2022,41,190413356,
2022,42,191825742,
2022,42,190413407,
2022,41,191825733,
2022,42,193466739,
2022,42,190413499,
2022,38,197173458,
2022,42,190413460,
2022,3,199583080,
2022,42,190413520,
2022,38,190413570,
2022,42,190413603,
2022,41,195108750,
2022,42,193466740,
2022,41,199583113,
2022,42,190413647,
2022,42,193466753,
2022,3,195108775,
2022,42,199583083,
2022,41,197173476,
2022,42,191825756,
2022,42,191825748,
2022,42,193466792,
2022,42,193466793,
2022,21,199583084,
2022,41,195108753,
2022,38,193466765,
2022,21,190413737,
2022,21,190413757,
2022,21,199583098,
2022,41,199583098,
2022,42,193466762,
2022,42,193466773,
2022,21,193466782,
2022,42,191825847,
2022,41,191825858,
2022,31,191825849,
2022,3,195109217,
2022,42,191825889,
2022,41,201328746,
2022,42,193466777,
2022,41,197173536,
2022,3,197173554,
2022,41,193466801,
2022,42,191826036,
2022,42,191825995,
2022,3,195109332,
2022,3,195109333,
2022,3,197173506,
2022,42,191826856,
2022,42,193466799,
2022,42,193466798,
2022,42,193466866,
2022,41,197173523,
2022,41,197174159,
2022,42,193466967,
2022,42,195108752,
2022,42,201328640,
2022,42,193467068,
2022,42,199583089,
2022,3,195109213,
2022,21,201328634,
2022,41,197173572,
2022,42,197173575,
2022,41,197173576,
2022,42,193467100,
2022,31,197173580,
2022,42,195108758,
2022,42,193467143,
2022,41,195108766,
2022,41,197173610,
2022,42,193467144,
2022,41,193467231,
2022,42,193467250,
2022,42,193467288,
2022,42,199583121,
2022,41,197173633,
2022,38,197173633,
2022,42,195108768,
2022,42,195108769,
2022,42,195108782,
2022,32,197173658,
2022,41,201328550,
2022,42,195108456,
2022,42,201328544,
2022,3,199583147,
2022,42,195108470,
2022,41,195108483,
2022,42,195108474,
2022,42,195108495,
2022,5,195108513,
2022,3,201328574,
2022,41,201328574,
2022,42,199583159,
2022,41,199583194,
2022,41,195108508,
2022,41,195108530,
2022,21,201328673,
2022,42,195108542,
2022,42,197173640,
2022,42,197173641,
2022,42,199583248,
2022,41,195108590,
2022,42,195108549,
2022,41,199583210,
2022,42,197174284,
2022,21,195108594,
2022,38,197174338,
2022,41,197174408,
2022,38,201328569,
2022,41,199583233,
2022,38,195108608,
2022,42,199583250,
2022,42,197173876,
2022,21,201328584,
2022,21,201328585,
2022,41,197173830,
2022,42,197173829,
2022,38,197173849,
2022,42,197173923,
2022,42,197173860,
2022,42,182426956,
2022,41,179176186,
2022,41,179176230,
2022,21,179176253,
2022,42,179176183,
2022,42,181426641,
2022,42,183962343,
2022,3,181426538,
2022,41,183962392,
2022,42,182427329,
2022,42,182427202,
2022,41,182427203,
2022,42,183962389,
2022,42,183962427,
2022,21,183962470,
2022,41,183962470,
2022,42,183962506,
2022,3,195110019,
2022,41,183962442,
2022,42,193468447,
2022,10,183962461,
2022,42,185279731,
2022,3,199584577,
2022,41,187214926,
2022,42,183962693,
2022,42,191826847,
2022,3,183962510,
2022,38,183962587,
2022,42,185279700,
2022,42,183962561,
2022,42,187214754,
2022,41,185279717,
2022,41,185279752,
2022,42,188803833,
2022,42,185279770,
2022,38,197175579,
2022,42,187214838,
2022,6,201329764,
2022,42,197175647,
2022,42,187214798,
2022,38,187215053,
2022,31,187214905,
2022,42,195110051,
2022,38,187214946,
2022,42,187214906,
2022,42,187214907,
2022,41,188803827,
2022,41,199584588,
2022,41,199584589,
2022,38,190414824,
2022,42,191826861,
2022,41,188803852,
2022,42,190415481,
2022,42,197175611,
2022,42,190414918,
2022,39,193468483,
2022,41,190414861,
2022,42,190414868,
2022,1,190414888,
2022,38,193468568,
2022,41,193468630,
2022,41,190414927,
2022,21,190414877,
2022,21,191826898,
2022,42,193468551,
2022,41,195110025,
2022,41,193468662,
2022,42,191826928,
2022,41,197175528,
2022,42,191826986,
2022,42,193468648,
2022,42,193468637,
2022,42,193468695,
2022,41,195109943,
2022,42,197175636,
2022,21,201329790,
2022,42,199584560,
2022,42,199584568,
2022,42,201329954,
2022,42,199584790,
2022,42,199584799,
2022,41,199584543,
2022,41,197175593,
2022,41,201329903,
2022,41,201329904,
2022,21,188801877,
2022,41,182425927,
2022,41,195109099,
2022,39,182426087,
2022,42,185279023,
2022,41,193467291,
2022,42,199583770,
2022,38,181425291,
2022,41,179175622,
2022,41,179175603,
2022,41,185279032,
2022,42,191825972,
2022,42,193467268,
2022,41,181426709,
2022,41,181426730,
2022,42,187213691,
2022,21,183961959,
2022,41,197174118,
2022,41,187213729,
2022,41,182426035,
2022,41,183961923,
2022,41,188801953,
2022,41,182426155,
2022,41,182427436,
2022,21,182426180,
2022,21,182426181,
2022,42,182426182,
2022,42,201329002,
2022,41,197174147,
2022,42,187213711,
2022,41,185279076,
2022,21,185279121,
2022,42,197174160,
2022,3,195109097,
2022,42,183961894,
2022,3,182426339,
2022,42,188801916,
2022,3,183961931,
2022,38,187213755,
2022,41,193467322,
2022,41,195109134,
2022,31,193467275,
2022,39,185280302,
2022,38,183962040,
2022,3,188802012,
2022,32,183962057,
2022,42,190413148,
2022,42,190413149,
2022,42,190413154,
2022,42,197174132,
2022,42,190413300,
2022,42,187213744,
2022,42,187213745,
2022,41,199583823,
2022,41,193467294,
2022,41,201329079,
2022,3,201329190,
2022,41,201329190,
2022,41,185279143,
2022,38,187213886,
2022,38,187213989,
2022,41,190413215,
2022,3,187213929,
2022,3,188802133,
2022,41,191826042,
2022,42,201329373,
2022,21,187214003,
2022,41,188802077,
2022,42,190413234,
2022,31,193467344,
2022,38,188802130,
2022,38,188802315,
2022,41,195109149,
2022,41,188802161,
2022,41,191826066,
2022,38,190414593,
2022,41,190413229,
2022,41,201329095,
2022,41,191826080,
2022,41,190413400,
2022,42,193467353,
2022,41,191826142,
2022,42,191826084,
2022,42,195109196,
2022,9,201329014,
2022,41,191826153,
2022,41,193467342,
2022,41,199583630,
2022,42,197174260,
2022,42,195109187,
2022,41,201329972,
2022,21,191826209,
2022,3,191826162,
2022,41,193467379,
2022,41,201329047,
2022,32,201329056,
2022,41,193467413,
2022,42,193467433,
2022,42,197174276,
2022,32,193467447,
2022,42,193467448,
2022,38,199583682,
2022,41,197174323,
2022,42,195109235,
2022,42,193467464,
2022,42,197174262,
2022,42,199583697,
2022,21,193467484,
2022,42,193467544,
2022,41,193467573,
2022,41,193467528,
2022,42,197174331,
2022,42,195109302,
2022,3,197174364,
2022,5,197174246,
2022,41,195108876,
2022,42,195108940,
2022,38,195108898,
2022,42,197174351,
2022,42,195108966,
2022,1,201329119,
2022,41,197175068,
2022,9,199583664,
2022,39,197175000,
2022,21,197174341,
2022,41,197174367,
2022,42,197174368,
2022,31,197174453,
2022,41,177107610,
2022,41,177107708,
2022,41,179176122,
2022,41,179176123,
2022,31,197175498,
2022,31,197175499,
2022,3,181426392,
2022,41,183962982,
2022,41,183962983,
2022,42,182426782,
2022,41,181426486,
2022,41,181426459,
2022,38,191826852,
2022,42,181426493,
2022,21,182426767,
2022,31,182426979,
2022,41,181426804,
2022,42,182426992,
2022,42,187214752,
2022,41,182427043,
2022,41,182427044,
2022,41,182427045,
2022,3,195110502,
2022,41,181426506,
2022,41,181426503,
2022,42,182426867,
2022,3,182426885,
2022,3,195109988,
2022,21,195110061,
2022,21,195110063,
2022,31,191826868,
2022,42,185279580,
2022,42,195110009,
2022,41,183962916,
2022,3,195110027,
2022,41,195110053,
2022,3,195110079,
2022,3,195110081,
2022,38,187214797,
2022,42,185279771,
2022,42,185279772,
2022,41,185279848,
2022,42,185279652,
2022,42,185279694,
2022,41,199584785,
2022,3,199584786,
2022,41,185279847,
2022,31,195110028,
2022,42,188803647,
2022,41,190414746,
2022,32,195110044,
2022,3,195110046,
2022,41,187214703,
2022,41,190414704,
2022,32,191826919,
2022,41,195110093,
2022,41,187214724,
2022,41,187214725,
2022,41,187214781,
2022,41,190414804,
2022,31,193468473,
2022,42,191826914,
2022,21,188803763,
2022,41,188803828,
2022,42,193468557,
2022,42,193468558,
2022,31,193468564,
2022,31,195110111,
2022,3,191827064,
2022,42,193468556,
2022,21,190414852,
2022,41,191826931,
2022,32,190414894,
2022,38,195110144,
2022,42,197175554,
2022,41,193468627,
2022,41,191826959,
2022,42,195110199,
2022,41,193468672,
2022,42,197175584,
2022,41,193468727,
2022,41,193468655,
2022,41,197175463,
2022,41,193468657,
2022,21,195110187,
2022,3,193468671,
2022,41,197175580,
2022,31,197175513,
2022,41,197175513,
2022,41,177105779,
2022,41,177105780,
2022,31,201329099,
2022,41,177105784,
2022,42,177105798,
2022,21,177105785,
2022,38,179175173,
2022,41,179175275,
2022,10,179175348,
2022,32,179174654,
2022,41,179174654,
2022,42,201328681,
2022,41,181424991,
2022,41,181424998,
2022,42,179175329,
2022,41,181425868,
2022,38,181425868,
2022,42,182426850,
2022,42,183960706,
2022,21,190412777,
2022,41,182425914,
2022,39,201328722,
2022,42,187213015,
2022,38,183960805,
2022,42,183960782,
2022,42,183960776,
2022,42,183960774,
2022,41,193466981,
2022,41,183960785,
2022,42,183960786,
2022,42,201328750,
2022,42,183961965,
2022,42,185279708,
2022,42,201328738,
2022,42,187213029,
2022,42,193467010,
2022,38,193466934,
2022,32,188801544,
2022,42,195108715,
2022,41,190412792,
2022,42,187214025,
2022,31,187214154,
2022,31,187213081,
2022,41,187213081,
2022,21,187213063,
2022,42,187213131,
2022,41,188801521,
2022,21,199583180,
2022,41,190412802,
2022,42,195108678,
2022,42,188801589,
2022,41,193466971,
2022,42,188801577,
2022,42,188801635,
2022,42,190412809,
2022,36,195108694,
2022,42,190412874,
2022,21,190412873,
2022,39,193466992,
2022,42,201328797,
2022,41,190413783,
2022,41,193466979,
2022,41,193466980,
2022,42,191825976,
2022,42,191825977,
2022,42,193466998,
2022,42,191826971,
2022,42,191826995,
2022,42,191826823,
2022,32,197174097,
2022,21,193467041,
2022,42,193467061,
2022,38,193467028,
2022,42,193467035,
2022,42,193467053,
2022,42,195108712,
2022,42,193467027,
2022,41,193467056,
2022,42,193467087,
2022,42,195108739,
2022,3,193467101,
2022,42,193467116,
2022,21,193467112,
2022,41,199583241,
2022,42,197173534,
2022,42,201328796,
2022,41,195108740,
2022,42,201328756,
2022,41,195108725,
2022,38,195108746,
2022,41,199583168,
2022,41,195108627,
2022,42,201328768,
2022,4,195108645,
2022,41,201328791,
2022,41,201328792,
2022,3,199583240,
2022,41,197173621,
2022,42,197173656,
2022,21,197173692,
2022,3,197173639,
2022,42,177107679,
2022,42,177107699,
2022,42,187214602,
2022,42,177107591,
2022,42,179176175,
2022,42,181426413,
2022,3,182426994,
2022,42,190414983,
2022,42,182426891,
2022,42,182426910,
2022,41,185279547,
2022,42,183962432,
2022,42,197175449,
2022,42,197175450,
2022,42,183962437,
2022,3,183962723,
2022,42,190414775,
2022,42,187214666,
2022,42,188803064,
2022,31,187214653,
2022,41,187214651,
2022,42,188803084,
2022,42,193468365,
2022,42,188803147,
2022,42,193468378,
2022,41,197175488,
2022,42,195109859,
2022,42,190414767,
2022,42,190414900,
2022,42,191826831,
2022,42,190414878,
2022,42,191826829,
2022,42,193468400,
2022,42,197175530,
2022,42,197175407,
2022,42,193468369,
2022,41,197175448,
2022,42,199584513,
2022,42,197175483,
2022,42,188801393,
2022,41,183960526,
2022,42,183960535,
2022,41,188801391,
2022,41,188801402,
2022,42,190413573,
2022,42,193466951,
2022,4,201329220,
2022,42,193466868,
2022,42,195108571,
2022,42,179175810,
2022,41,177108264,
2022,42,179176413,
2022,42,179176371,
2022,21,181426673,
2022,42,201330225,
2022,38,182427479,
2022,42,182427499,
2022,42,190415133,
2022,42,182427508,
2022,41,187215031,
2022,42,183962846,
2022,21,183962847,
2022,42,183962830,
2022,42,183962839,
2022,41,185280155,
2022,42,185280197,
2022,39,187215074,
2022,41,188803563,
2022,42,191827269,
2022,39,195110377,
2022,42,188803568,
2022,42,190415318,
2022,42,191827278,
2022,42,191827298,
2022,42,201330167,
2022,41,193468964,
2022,42,193468953,
2022,42,193469060,
2022,41,193468992,
2022,42,197176137,
2022,42,197176430,
2022,42,195110281,
2022,42,179175423,
2022,7,182426479,
2022,42,183961551,
2022,42,182426393,
2022,42,182426515,
2022,42,182426523,
2022,42,183961744,
2022,42,183961848,
2022,42,188802550,
2022,42,195109609,
2022,42,181426377,
2022,42,197176051,
2022,42,197176068,
2022,42,190415084,
2022,42,195110193,
2022,5,197176098,
2022,42,187214290,
2022,4,193468021,
2022,42,179175789,
2022,42,179175817,
2022,41,187214462,
2022,42,181425534,
2022,42,179175829,
2022,42,182426571,
2022,41,187214179,
2022,42,182426454,
2022,42,183962091,
2022,42,197175147,
2022,42,197175182,
2022,42,183962221,
2022,42,183962107,
2022,41,185279288,
2022,41,185279358,
2022,42,185279401,
2022,31,185279254,
2022,32,201329706,
2022,42,195109626,
2022,42,188802639,
2022,41,187214203,
2022,42,197175137,
2022,42,187214244,
2022,42,187214207,
2022,42,187214223,
2022,42,187214224,
2022,42,187214229,
2022,42,188802628,
2022,42,188802662,
2022,41,193467998,
2022,42,188802648,
2022,42,188802716,
2022,21,188802673,
2022,42,188802730,
2022,42,190414404,
2022,21,193468016,
2022,42,188802772,
2022,42,188802790,
2022,42,191826581,
2022,42,190414494,
2022,42,190414524,
2022,42,197175106,
2022,42,191826620,
2022,42,199584237,
2022,42,193468059,
2022,42,193468098,
2022,42,195109730,
2022,42,195109584,
2022,42,197175154,
2022,42,195109633,
2022,42,195109654,
2022,42,195109617,
2022,42,197175158,
2022,42,195109605,
2022,42,199584108,
2022,41,197175162,
2022,42,197175239,
2022,42,177108465,
2022,42,177108353,
2022,41,177108364,
2022,42,179176503,
2022,42,197176378,
2022,41,177108413,
2022,41,179176398,
2022,41,179176438,
2022,42,179176521,
2022,42,179176535,
2022,42,181426653,
2022,38,181426687,
2022,42,182427378,
2022,42,181426532,
2022,41,181426553,
2022,42,181426584,
2022,42,181426570,
2022,42,181426625,
2022,42,181426642,
2022,42,185280083,
2022,21,182427211,
2022,3,181426602,
2022,3,181426603,
2022,42,181426593,
2022,42,181426604,
2022,42,181426605,
2022,41,183963042,
2022,42,190415392,
2022,42,182427277,
2022,41,181426558,
2022,41,182427359,
2022,41,182427257,
2022,42,183963033,
2022,42,183963036,
2022,42,190415330,
2022,42,185280117,
2022,42,185280118,
2022,42,182427309,
2022,41,182427339,
2022,42,182427347,
2022,42,182427348,
2022,42,182427353,
2022,38,183962986,
2022,41,183962917,
2022,42,188803598,
2022,42,185280131,
2022,38,185280154,
2022,41,185280169,
2022,42,183962964,
2022,42,183963003,
2022,41,183963015,
2022,41,183963018,
2022,41,183962938,
2022,42,188803577,
2022,42,185280173,
2022,42,183963037,
2022,42,185280210,
2022,42,185280294,
2022,41,185280267,
2022,42,195110448,
2022,42,185280280,
2022,42,185280282,
2022,42,185280284,
2022,42,185280291,
2022,41,185280145,
2022,42,185280160,
2022,42,185280161,
2022,41,185280182,
2022,39,190415353,
2022,38,188803561,
2022,41,185280202,
2022,42,188803569,
2022,42,185280229,
2022,42,187215236,
2022,41,187215239,
2022,41,199585059,
2022,41,187215177,
2022,41,187215307,
2022,41,187215232,
2022,41,188803637,
2022,42,188803650,
2022,41,188803600,
2022,41,190415360,
2022,42,187215172,
2022,42,188803645,
2022,42,188803653,
2022,41,193469087,
2022,41,195110415,
2022,38,188803661,
2022,42,188803703,
2022,41,188803628,
2022,42,193469112,
2022,41,188803635,
2022,42,188803682,
2022,42,193469131,
2022,41,188803671,
2022,42,191827325,
2022,41,190415397,
2022,41,199585073,
2022,42,190415441,
2022,42,191827283,
2022,42,191827293,
2022,41,199585082,
2022,42,190415384,
2022,42,190415390,
2022,42,195110453,
2022,42,190415424,
2022,41,197176417,
2022,41,191827295,
2022,38,191827312,
2022,42,190415393,
2022,42,193469124,
2022,42,191827336,
2022,42,197176342,
2022,42,191827296,
2022,3,197176360,
2022,42,197176401,
2022,42,193469067,
2022,41,197176410,
2022,41,191827314,
2022,42,193469118,
2022,41,193469123,
2022,3,199585088,
2022,42,193469097,
2022,42,193469115,
2022,42,193469147,
2022,42,193469164,
2022,42,195110406,
2022,41,195110439,
2022,42,193469158,
2022,41,195110479,
2022,21,197176336,
2022,41,197176336,
2022,31,193469157,
2022,42,195110362,
2022,41,195110392,
2022,42,195110412,
2022,21,195110311,
2022,42,195110328,
2022,42,195110347,
2022,42,197176312,
2022,42,195110321,
2022,42,197176382,
2022,42,197176358,
2022,42,197176374,
2022,38,197176354,
2022,42,197176343,
2022,42,199585177,
2022,41,177108301,
2022,41,179176265,
2022,39,182427258,
2022,41,183962768,
2022,42,183962775,
2022,21,182427316,
2022,42,183962803,
2022,39,183962763,
2022,42,183962737,
2022,42,193468905,
2022,42,187215267,
2022,31,193468920,
2022,42,190415212,
2022,4,190415267,
2022,41,188803498,
2022,41,197176229,
2022,42,193468947,
2022,42,193468962,
2022,41,191827248,
2022,38,191827256,
2022,39,193468911,
2022,41,195110350,
2022,3,201330241,
2022,3,195110382,
2022,39,199585187,
2022,42,195110279,
2022,41,197176316,
2022,41,183961030,
2022,41,188803864,
2022,41,188803873,
2022,41,190413930,
2022,42,193467784,
2022,42,195109353,
2022,42,179174993,
2022,42,197174400,
2022,42,201329757,
2022,42,201329758,
2022,42,181426749,
2022,42,181426743,
2022,21,183961593,
2022,38,183961593,
2022,42,183961764,
2022,42,183961928,
2022,42,183962004,
2022,42,183962039,
2022,42,182425860,
2022,41,197174481,
2022,41,185278763,
2022,42,188802304,
2022,38,187213670,
2022,42,197174500,
2022,42,188802321,
2022,42,188802322,
2022,41,188802339,
2022,41,188802340,
2022,42,188802359,
2022,41,190413952,
2022,41,197174414,
2022,42,197174431,
2022,42,191826306,
2022,41,190414004,
2022,41,190413951,
2022,41,193467576,
2022,42,193467591,
2022,41,193467610,
2022,41,197174539,
2022,41,195109262,
2022,41,195109331,
2022,42,195109334,
2022,42,197174438,
2022,41,195109290,
2022,41,195109328,
2022,42,197174418,
2022,42,177107998,
2022,41,177108102,
2022,41,179177626,
2022,42,181426484,
2022,42,181426324,
2022,42,181426341,
2022,42,182427221,
2022,38,185279819,
2022,42,190414938,
2022,42,183962532,
2022,42,185279855,
2022,41,185279881,
2022,41,185279901,
2022,31,197175882,
2022,41,191826969,
2022,42,201330195,
2022,41,188803801,
2022,41,190414901,
2022,21,193468669,
2022,42,190414962,
2022,41,190415070,
2022,42,197175732,
2022,41,190415131,
2022,42,193468758,
2022,41,191827011,
2022,41,201330227,
2022,42,193468759,
2022,41,193468783,
2022,38,193468774,
2022,42,195110470,
2022,41,195110485,
2022,41,195110431,
2022,41,195110480,
2022,41,199584722,
2022,32,179174922,
2022,41,179174922,
2022,41,179174923,
2022,41,181425611,
2022,41,181425640,
2022,31,199584052,
2022,41,199584052,
2022,42,188802223,
2022,38,188802289,
2022,41,190413859,
2022,41,197174288,
2022,41,199584162,
2022,42,182425474,
2022,42,182425479,
2022,42,183960626,
2022,42,182425483,
2022,42,181424850,
2022,41,197173764,
2022,42,187212930,
2022,41,187212937,
2022,41,185278347,
2022,42,193466752,
2022,31,195108480,
2022,41,195108506,
2022,42,179174486,
2022,42,193466702,
2022,32,199583009,
2022,41,191825954,
2022,42,182426365,
2022,42,183961642,
2022,42,201329451,
2022,42,191826546,
2022,42,190414114,
2022,41,188802599,
2022,41,190414079,
2022,41,190414089,
2022,42,191826557,
2022,39,197175049,
2022,32,197175050,
2022,42,197175067,
2022,31,193467990,
2022,38,197175094,
2022,42,201329459,
2022,42,197175123,
2022,41,193468983,
2022,41,179177912,
2022,21,187215097,
2022,41,177108158,
2022,38,179176292,
2022,41,181426681,
2022,41,182427167,
2022,42,179177848,
2022,42,179177943,
2022,21,183962867,
2022,21,183962869,
2022,41,187215122,
2022,41,187215123,
2022,41,181426432,
2022,41,183962762,
2022,3,197176188,
2022,38,181426463,
2022,41,182427188,
2022,31,193468876,
2022,41,188803463,
2022,21,183962784,
2022,41,182427177,
2022,42,183962863,
2022,31,195110180,
2022,41,183962884,
2022,41,185279979,
2022,41,185280067,
2022,42,183962892,
2022,41,185280006,
2022,42,185280007,
2022,41,183962853,
2022,41,183962873,
2022,31,185280041,
2022,41,187215218,
2022,3,187215256,
2022,41,185280069,
2022,3,187215083,
2022,3,187215084,
2022,31,187215089,
2022,41,187215161,
2022,41,187215197,
2022,41,187215151,
2022,41,190415078,
2022,42,188803511,
2022,42,190415117,
2022,3,188803523,
2022,39,190415144,
2022,38,188803574,
2022,41,188803583,
2022,42,188803522,
2022,42,188803606,
2022,42,195110228,
2022,41,188803517,
2022,41,190415114,
2022,42,193468990,
2022,38,191827135,
2022,21,193468899,
2022,21,190415237,
2022,21,190415244,
2022,32,190415233,
2022,41,191827147,
2022,41,197176104,
2022,41,191827165,
2022,42,195110234,
2022,41,201330295,
2022,42,197176119,
2022,38,191827164,
2022,42,191827177,
2022,42,199585186,
2022,41,193468937,
2022,41,193468938,
2022,42,193468959,
2022,41,195110238,
2022,41,193468923,
2022,3,195110315,
2022,41,195110301,
2022,41,195110353,
2022,42,195110230,
2022,3,201330338,
2022,21,197176189,
2022,42,197176078,
2022,42,197176079,
2022,42,195110211,
2022,41,201330353,
2022,41,195110236,
2022,42,195110249,
2022,41,201330358,
2022,42,199584885,
2022,41,185278486,
2022,5,188802060,
2022,42,199583884,
2022,41,190413903,
2022,41,193467335,
2022,42,197174215,
2022,42,181426078,
2022,42,182426775,
2022,38,182426793,
2022,41,183962347,
2022,42,193468585,
2022,42,190414718,
2022,42,185279664,
2022,42,187214696,
2022,21,187214583,
2022,21,190414733,
2022,31,201329946,
2022,42,188802977,
2022,38,190414932,
2022,41,199584517,
2022,21,190414754,
2022,31,190414754,
2022,3,197175844,
2022,5,197175844,
2022,42,193468598,
2022,42,197175752,
2022,42,197175782,
2022,42,197175783,
2022,42,199584632,
2022,31,177106751,
2022,21,177106666,
2022,42,197174540,
2022,3,177106218,
2022,42,183961833,
2022,41,179175002,
2022,41,179175089,
2022,42,179175189,
2022,41,179175318,
2022,42,179175277,
2022,42,190413911,
2022,42,179175378,
2022,41,197174589,
2022,41,197174590,
2022,42,197174605,
2022,41,197174624,
2022,41,181425413,
2022,42,190413929,
2022,1,197174459,
2022,42,197174476,
2022,42,197174492,
2022,41,197174493,
2022,41,197174534,
2022,21,197174553,
2022,42,181425441,
2022,41,181425467,
2022,41,187213821,
2022,41,185279833,
2022,42,188802338,
2022,42,182426080,
2022,21,195109358,
2022,42,182426311,
2022,41,182426418,
2022,42,182426326,
2022,42,182426329,
2022,21,182426340,
2022,3,182426371,
2022,42,182426404,
2022,38,182426551,
2022,3,197174612,
2022,21,183962000,
2022,38,183962077,
2022,42,185280111,
2022,21,183962132,
2022,41,183962170,
2022,41,183962150,
2022,42,183962186,
2022,41,183962206,
2022,42,187213679,
2022,41,195109433,
2022,21,188802394,
2022,3,185280236,
2022,42,190414038,
2022,41,185280230,
2022,41,185280268,
2022,42,195109449,
2022,41,187213713,
2022,41,185280240,
2022,32,197174597,
2022,42,187213743,
2022,41,187213687,
2022,3,201329516,
2022,38,190414031,
2022,3,197174479,
2022,42,191826271,
2022,32,187213694,
2022,41,187213778,
2022,42,190414059,
2022,41,197174490,
2022,41,197174491,
2022,42,197174520,
2022,21,187213751,
2022,41,187213762,
2022,41,187213841,
2022,42,187213838,
2022,42,188802370,
2022,42,188802375,
2022,42,191826286,
2022,9,187213963,
2022,38,187215376,
2022,42,188802449,
2022,42,197174513,
2022,42,197174515,
2022,41,188802461,
2022,41,188802618,
2022,41,188802619,
2022,21,188802420,
2022,41,188802421,
2022,41,188802496,
2022,41,188802436,
2022,41,188802504,
2022,42,188802509,
2022,42,188802483,
2022,42,188803880,
2022,41,188803846,
2022,38,188803871,
2022,42,197174525,
2022,42,197174526,
2022,42,197174554,
2022,41,190414165,
2022,41,197174607,
2022,41,197174608,
2022,41,190414133,
2022,38,190414274,
2022,42,190414225,
2022,41,197174555,
2022,41,197174556,
2022,41,190414369,
2022,41,190414295,
2022,42,191826282,
2022,41,199584002,
2022,41,191826314,
2022,42,190414379,
2022,41,197174686,
2022,41,197174687,
2022,42,191826349,
2022,41,191826356,
2022,21,193467634,
2022,42,191826405,
2022,42,193467577,
2022,41,197174618,
2022,41,197174628,
2022,1,199583922,
2022,41,191826384,
2022,42,191826428,
2022,3,193467603,
2022,42,193467690,
2022,41,193467672,
2022,41,193467644,
2022,5,193467727,
2022,42,193467657,
2022,41,195109453,
2022,41,193467764,
2022,41,193467698,
2022,41,195109362,
2022,41,193467757,
2022,38,193467720,
2022,41,193467779,
2022,38,195109428,
2022,42,197174703,
2022,41,195109345,
2022,41,197174722,
2022,21,195109887,
2022,42,195109913,
2022,21,195109282,
2022,41,195109354,
2022,42,195109813,
2022,38,197174719,
2022,42,195109294,
2022,3,197174746,
2022,41,195109340,
2022,42,195109349,
2022,21,195109365,
2022,41,197174693,
2022,42,197174659,
2022,39,197174768,
2022,41,201329301,
2022,42,197174777,
2022,41,197174732,
2022,42,197174757,
2022,41,197174760,
2022,41,197174872,
2022,38,197174765,
2022,21,197174783,
2022,42,197174816,
2022,42,179176068,
2022,42,197175871,
2022,42,185279859,
2022,32,190414944,
2022,42,195109928,
2022,42,197175762,
2022,42,193468678,
2022,41,197174632,
2022,41,197174647,
2022,41,183960886,
2022,42,187214115,
2022,41,182426781,
2022,41,185278875,
2022,41,201329659,
2022,41,187214153,
2022,41,188803860,
2022,41,187213900,
2022,42,190413872,
2022,41,190415417,
2022,42,201329690,
2022,41,193467660,
2022,41,193467697,
2022,21,182426983,
2022,41,182427092,
2022,41,183962569,
2022,21,185279896,
2022,41,188803289,
2022,38,190415041,
2022,42,197175827,
2022,3,201329975,
2022,21,195110154,
2022,42,181426660,
2022,42,179176464,
2022,42,177108442,
2022,42,177108406,
2022,21,179176561,
2022,42,179176406,
2022,42,177108432,
2022,42,182427078,
2022,42,177108409,
2022,42,177108428,
2022,42,179177778,
2022,32,179176476,
2022,42,181426698,
2022,41,182427155,
2022,42,179176601,
2022,42,185279981,
2022,42,188803410,
2022,3,193468984,
2022,42,181426619,
2022,41,193468914,
2022,42,182427297,
2022,42,181426655,
2022,42,181426706,
2022,42,183962761,
2022,42,183962767,
2022,38,182427149,
2022,42,183962734,
2022,41,183962739,
2022,42,181426645,
2022,42,190415287,
2022,42,182427079,
2022,42,182427138,
2022,42,182427161,
2022,42,182427495,
2022,42,183962766,
2022,41,183962777,
2022,41,183962817,
2022,41,187215020,
2022,41,183962821,
2022,41,193468965,
2022,42,183962855,
2022,42,185280024,
2022,42,185280004,
2022,42,188803452,
2022,32,187215028,
2022,42,185280287,
2022,42,185280044,
2022,42,187215184,
2022,41,193468972,
2022,38,187215166,
2022,41,187215212,
2022,42,188803591,
2022,42,187215140,
2022,41,188803627,
2022,42,188803664,
2022,41,188803374,
2022,41,188803406,
2022,41,188803491,
2022,41,188803403,
2022,42,190415342,
2022,42,188803376,
2022,42,188803417,
2022,42,188803427,
2022,42,188803897,
2022,3,190415057,
2022,42,193468989,
2022,42,188803393,
2022,32,190415067,
2022,42,188803887,
2022,42,188803892,
2022,42,188803901,
2022,42,190415100,
2022,42,188803885,
2022,42,191827151,
2022,42,190415108,
2022,42,190415125,
2022,42,190415058,
2022,42,190415085,
2022,21,188803611,
2022,42,190415150,
2022,42,188803453,
2022,42,190415115,
2022,39,190415137,
2022,42,190415147,
2022,41,191827149,
2022,42,190415214,
2022,42,190415225,
2022,42,193468918,
2022,42,190415189,
2022,39,190415207,
2022,39,190415260,
2022,42,193468973,
2022,42,190415232,
2022,42,190415263,
2022,42,190415305,
2022,42,191827138,
2022,42,193469004,
2022,42,190415307,
2022,42,190415312,
2022,42,190415313,
2022,42,190415306,
2022,42,190415303,
2022,42,191827167,
2022,42,191827214,
2022,42,191827235,
2022,42,191827246,
2022,42,191827188,
2022,42,191827227,
2022,42,191827247,
2022,42,191827241,
2022,42,195110262,
2022,42,193469077,
2022,4,193468998,
2022,41,193469000,
2022,31,193469052,
2022,38,195110288,
2022,41,193469089,
2022,42,193469007,
2022,42,193469020,
2022,42,193469029,
2022,42,195110370,
2022,41,199585080,
2022,42,195110306,
2022,38,195110346,
2022,42,195110389,
2022,41,199585101,
2022,42,195110158,
2022,42,195110243,
2022,41,197176223,
2022,42,197176257,
2022,39,197176195,
2022,42,197176214,
2022,42,197176265,
2022,41,197176285,
2022,42,177106763,
2022,41,177106758,
2022,41,177106766,
2022,42,177106792,
2022,42,179175966,
2022,41,182427441,
2022,41,179176060,
2022,3,187214036,
2022,41,181425428,
2022,41,181425464,
2022,42,181425377,
2022,41,193467827,
2022,42,190413985,
2022,42,193467801,
2022,42,182426279,
2022,41,182426437,
2022,42,182426260,
2022,41,185278960,
2022,41,182426297,
2022,41,193467820,
2022,41,183961298,
2022,42,183961291,
2022,41,183961408,
2022,41,199584338,
2022,41,185278979,
2022,41,185278995,
2022,41,185278996,
2022,41,185278999,
2022,42,197174975,
2022,42,197174994,
2022,42,185279020,
2022,42,193467810,
2022,41,197174922,
2022,41,185279043,
2022,41,185279047,
2022,42,193467866,
2022,42,187214029,
2022,42,195109481,
2022,41,193467921,
2022,41,187214054,
2022,41,187214075,
2022,42,197174959,
2022,39,187214251,
2022,41,187214078,
2022,42,190413925,
2022,41,187214134,
2022,21,187214152,
2022,41,195109494,
2022,41,190413942,
2022,42,188802542,
2022,3,199584265,
2022,42,188802601,
2022,41,188802586,
2022,41,190413960,
2022,41,190413984,
2022,42,199584444,
2022,38,190413996,
2022,41,190414008,
2022,21,190414009,
2022,21,190414010,
2022,42,190414025,
2022,42,190414029,
2022,41,193467857,
2022,41,193467916,
2022,42,197174982,
2022,38,191826436,
2022,38,193467891,
2022,42,199585018,
2022,42,195109526,
2022,21,193467939,
2022,42,193467933,
2022,41,195109582,
2022,41,195109398,
2022,41,195109399,
2022,41,195109888,
2022,31,195109916,
2022,41,195109439,
2022,41,199585180,
2022,41,197175765,
2022,41,195109391,
2022,42,195109436,
2022,42,197175495,
2022,42,199584424,
2022,41,197175718,
2022,41,201329381,
2022,42,182427025,
2022,38,179176222,
2022,31,181426511,
2022,21,181426277,
2022,41,183962560,
2022,41,183962573,
2022,42,187214773,
2022,41,183962597,
2022,41,183962605,
2022,42,182426975,
2022,41,183962628,
2022,4,183962629,
2022,42,183962571,
2022,41,185280360,
2022,3,193468822,
2022,41,187214813,
2022,3,188803309,
2022,41,190415004,
2022,42,190415012,
2022,42,190415021,
2022,41,190414959,
2022,41,191827088,
2022,41,190414981,
2022,42,199584743,
2022,41,190415003,
2022,41,191827108,
2022,42,199584763,
2022,41,197175937,
2022,21,195110207,
2022,41,197175984,
2022,41,195110105,
2022,42,195110106,
2022,41,197175998,
2022,41,177108325,
2022,41,183962649,
2022,41,187215072,
2022,42,181426359,
2022,41,182426986,
2022,42,182427208,
2022,41,197176065,
2022,36,191827121,
2022,41,183962606,
2022,41,185280193,
2022,42,185280119,
2022,42,185280120,
2022,41,187215152,
2022,41,190415027,
2022,42,188803421,
2022,42,188803363,
2022,42,197176092,
2022,41,190415180,
2022,42,190415201,
2022,41,190415008,
2022,3,190415060,
2022,42,193468845,
2022,41,191827054,
2022,42,193468866,
2022,41,193468788,
2022,41,197176063,
2022,41,193468863,
2022,41,193468806,
2022,41,193468847,
2022,41,193468813,
2022,42,195110071,
2022,38,195110140,
2022,41,195110166,
2022,42,197176083,
2022,42,197176099,
2022,41,197174845,
2022,41,177107021,
2022,41,179175150,
2022,41,179176720,
2022,41,181426198,
2022,42,183960883,
2022,42,185278953,
2022,42,183960888,
2022,41,181426265,
2022,41,181426219,
2022,41,187213954,
2022,42,182426038,
2022,41,188802401,
2022,41,182426053,
2022,38,182426054,
2022,41,182426066,
2022,41,183960911,
2022,31,185278877,
2022,41,190415427,
2022,41,183960966,
2022,42,185278915,
2022,42,185278917,
2022,41,185278974,
2022,42,193467689,
2022,42,193467711,
2022,38,185278973,
2022,39,187214205,
2022,42,191826298,
2022,42,187213946,
2022,41,188802487,
2022,41,187214019,
2022,41,187214030,
2022,42,187213947,
2022,42,187214013,
2022,41,188802411,
2022,42,188802423,
2022,41,188802409,
2022,21,190413865,
2022,38,197174854,
2022,38,188802510,
2022,41,188802472,
2022,42,188802578,
2022,38,188802563,
2022,42,190415402,
2022,41,190415433,
2022,41,190413959,
2022,41,190413905,
2022,41,190413906,
2022,42,190413926,
2022,42,190413936,
2022,41,191826332,
2022,41,190413931,
2022,41,190413891,
2022,42,199584898,
2022,41,191826355,
2022,42,191826342,
2022,42,191826345,
2022,42,197174880,
2022,41,193467740,
2022,41,193467796,
2022,42,193467797,
2022,38,197174875,
2022,41,193467808,
2022,38,197175629,
2022,41,195109402,
2022,38,197174909,
2022,41,197174971,
2022,41,197174896,
2022,21,197174985,
2022,42,197175038,
2022,42,199584272,
2022,41,197175062,
2022,41,197174962,
2022,41,182426756,
2022,41,201330025,
2022,41,187214539,
2022,41,188802904,
2022,41,197175447,
2022,42,177105597,
2022,42,177105605,
2022,41,177105615,
2022,42,179174584,
2022,42,191825678,
2022,41,185278383,
2022,42,188801350,
2022,41,187212951,
2022,41,188801353,
2022,41,188801358,
2022,42,190413426,
2022,42,190413485,
2022,42,193466790,
2022,42,195109223,
2022,42,195109246,
2022,42,195109297,
2022,42,195109298,
2022,41,181426787,
2022,4,177107772,
2022,42,179175777,
2022,41,197175468,
2022,41,179175799,
2022,42,177107509,
2022,41,188802864,
2022,42,195110006,
2022,38,179175844,
2022,42,185279480,
2022,42,191827328,
2022,42,191827329,
2022,38,188802890,
2022,42,188802916,
2022,42,179175924,
2022,42,179175948,
2022,41,197175502,
2022,41,179175983,
2022,42,191827343,
2022,38,179176130,
2022,41,179175936,
2022,41,179176066,
2022,42,181426282,
2022,42,179177557,
2022,1,197175408,
2022,42,181426354,
2022,42,181426394,
2022,42,181426718,
2022,42,181426725,
2022,42,199584751,
2022,3,199584768,
2022,3,199584769,
2022,42,197175541,
2022,42,197175567,
2022,42,181426559,
2022,42,182427330,
2022,41,182427319,
2022,21,182427334,
2022,41,197175430,
2022,42,187214578,
2022,42,182427337,
2022,42,182427351,
2022,41,191827290,
2022,41,183962713,
2022,41,183962494,
2022,41,183962611,
2022,41,183962474,
2022,41,187214592,
2022,37,187214592,
2022,31,185279556,
2022,41,185279556,
2022,42,183962549,
2022,42,183962589,
2022,41,199584779,
2022,42,183962631,
2022,41,185279541,
2022,21,183962627,
2022,42,183962607,
2022,42,191827302,
2022,42,185279775,
2022,41,185279687,
2022,41,185279824,
2022,41,195110008,
2022,41,185279994,
2022,3,185279747,
2022,41,185279877,
2022,42,185279853,
2022,41,187214787,
2022,42,185280056,
2022,41,197175617,
2022,31,187214715,
2022,41,187214715,
2022,41,187214726,
2022,42,187214756,
2022,42,188803005,
2022,42,188803013,
2022,42,190414679,
2022,41,188803054,
2022,41,191827310,
2022,42,187214856,
2022,41,187214964,
2022,41,187215266,
2022,42,188803163,
2022,41,188803158,
2022,41,190414607,
2022,41,188803113,
2022,42,188803152,
2022,41,188803130,
2022,41,191827342,
2022,41,188803156,
2022,41,190414708,
2022,3,201329970,
2022,41,190414741,
2022,42,190414801,
2022,41,190414875,
2022,42,190414957,
2022,42,195109984,
2022,41,190414896,
2022,41,190414925,
2022,42,190414845,
2022,41,191827374,
2022,41,190414987,
2022,41,191827365,
2022,41,201329979,
2022,41,190415480,
2022,41,191827385,
2022,41,191827435,
2022,41,191827455,
2022,21,201330153,
2022,41,201330153,
2022,41,197175691,
2022,41,191827448,
2022,41,191827453,
2022,41,191827433,
2022,41,191827445,
2022,41,191827450,
2022,32,193468490,
2022,41,193468490,
2022,42,195110048,
2022,42,191827463,
2022,42,199584507,
2022,41,193468533,
2022,41,193468629,
2022,41,195110503,
2022,31,195110506,
2022,41,193468642,
2022,41,193468681,
2022,41,193468628,
2022,41,195110018,
2022,41,193468714,
2022,4,193468670,
2022,41,195110076,
2022,42,193468691,
2022,41,195109865,
2022,42,195109898,
2022,41,195109948,
2022,41,195109868,
2022,21,195109924,
2022,41,195109976,
2022,21,195109874,
2022,41,195109904,
2022,41,199584652,
2022,21,195109942,
2022,41,195109942,
2022,21,197175822,
2022,41,197175822,
2022,41,197175847,
2022,41,197175870,
2022,42,199584921,
2022,41,183960513,
2022,41,190412737,
2022,42,188802387,
2022,42,191825755,
2022,41,190412738,
2022,41,190412739,
2022,41,191825757,
2022,41,191825758,
2022,41,191825759,
2022,41,199583486,
2022,42,199583487,
2022,41,191825765,
2022,32,197173299,
2022,41,195108834,
2022,42,187212895,
2022,42,201328509,
2022,42,188801341,
2022,42,195109373,
2022,42,195109356,
2022,42,197173570,
2022,42,183960475,
2022,42,183960481,
2022,41,181424886,
2022,42,182425495,
2022,41,185278360,
2022,42,185278295,
2022,41,188801605,
2022,42,187212847,
2022,41,188801357,
2022,42,190412718,
2022,41,191825590,
2022,42,197173200,
2022,3,177107650,
2022,38,179175845,
2022,42,187214438,
2022,42,182427460,
2022,31,181425873,
2022,42,177107680,
2022,41,177107695,
2022,41,181425736,
2022,41,179175848,
2022,21,182427464,
2022,41,187214448,
2022,42,179175982,
2022,42,188802800,
2022,41,185279410,
2022,42,179175921,
2022,21,179175961,
2022,42,182426647,
2022,41,182426666,
2022,38,182426687,
2022,42,181425922,
2022,42,181425937,
2022,41,183962250,
2022,42,181425849,
2022,41,190414491,
2022,42,183962260,
2022,42,181425862,
2022,42,181425872,
2022,42,181425879,
2022,41,182426698,
2022,42,182426727,
2022,42,183962306,
2022,42,188802822,
2022,41,183962301,
2022,41,182426763,
2022,41,185279380,
2022,42,182426865,
2022,38,183962388,
2022,38,183962469,
2022,42,183962489,
2022,42,183962513,
2022,42,183962536,
2022,41,183962563,
2022,41,183962641,
2022,41,185279442,
2022,42,185279449,
2022,21,201329907,
2022,42,185279396,
2022,42,185279437,
2022,41,183962598,
2022,41,185279447,
2022,41,190414485,
2022,38,185279470,
2022,42,185279475,
2022,42,185279492,
2022,42,188802836,
2022,42,187214492,
2022,41,185279626,
2022,38,185279626,
2022,21,188802830,
2022,42,185279516,
2022,21,187214493,
2022,38,187214519,
2022,42,187214678,
2022,42,188802815,
2022,31,188802818,
2022,42,187214584,
2022,41,188802826,
2022,41,190414561,
2022,41,190414578,
2022,42,188803056,
2022,42,188803214,
2022,42,188803132,
2022,42,188803143,
2022,41,188803151,
2022,41,188803193,
2022,42,190414574,
2022,42,190414611,
2022,42,190414619,
2022,42,190414630,
2022,42,190414642,
2022,42,190414696,
2022,31,190414702,
2022,41,195109844,
2022,41,193468319,
2022,42,191826769,
2022,21,191826762,
2022,42,191826783,
2022,41,197175343,
2022,42,191826774,
2022,41,193468275,
2022,42,193468284,
2022,42,193468295,
2022,42,191826798,
2022,41,191826782,
2022,41,193468251,
2022,41,193468264,
2022,42,193468313,
2022,42,195109798,
2022,42,193468296,
2022,42,193468375,
2022,42,193468310,
2022,42,195109775,
2022,42,195109759,
2022,42,195109782,
2022,3,195109802,
2022,42,195109843,
2022,38,195109824,
2022,3,179026068,
2022,41,182425463,
2022,31,179026088,
2022,41,179026088,
2022,41,181424799,
2022,37,181424799,
2022,41,182425476,
2022,41,181424803,
2022,41,182425480,
2022,38,181424819,
2022,42,182425484,
2022,41,197173236,
2022,41,182425485,
2022,41,193467084,
2022,37,193467084,
2022,41,182425624,
2022,41,181424801,
2022,41,182425499,
2022,42,187212782,
2022,41,183960447,
2022,41,191825558,
2022,41,185278248,
2022,38,185278248,
2022,41,183960456,
2022,41,182425581,
2022,41,182425609,
2022,41,183960437,
2022,41,183960463,
2022,34,183960428,
2022,41,182425634,
2022,41,185278262,
2022,41,183960439,
2022,41,183960462,
2022,42,185278271,
2022,3,197173192,
2022,41,185278300,
2022,41,185278303,
2022,41,185278332,
2022,41,185278409,
2022,41,185278423,
2022,41,187212780,
2022,41,187212830,
2022,41,187212834,
2022,41,187212858,
2022,41,190412693,
2022,41,188801331,
2022,41,188801337,
2022,36,191825564,
2022,41,197173251,
2022,36,197173251,
2022,21,188801586,
2022,41,188801586,
2022,31,191825571,
2022,41,191825572,
2022,41,188801593,
2022,37,188801593,
2022,41,191825573,
2022,41,197173203,
2022,41,191825578,
2022,38,191825578,
2022,41,191825582,
2022,41,188801649,
2022,3,193466656,
2022,34,193466656,
2022,32,191825591,
2022,41,191825592,
2022,32,193466879,
2022,3,190412805,
2022,41,190412805,
2022,37,190412805,
2022,41,201328445,
2022,41,193466633,
2022,41,193466796,
2022,34,197173221,
2022,41,193466806,
2022,41,191825616,
2022,41,193466613,
2022,3,191825913,
2022,5,191825913,
2022,41,201328379,
2022,41,193466741,
2022,1,193466624,
2022,3,193466624,
2022,1,193466625,
2022,3,193466625,
2022,41,191825924,
2022,3,199582956,
2022,41,191825939,
2022,41,193466640,
2022,41,191825950,
2022,37,191825950,
2022,41,193467069,
2022,42,193467083,
2022,41,193466616,
2022,41,193467054,
2022,41,193467067,
2022,37,193467067,
2022,41,199582944,
2022,42,197173271,
2022,41,193467160,
2022,41,195108425,
2022,42,199582966,
2022,41,197173277,
2022,37,197173277,
2022,38,199582953,
2022,5,199582969,
2022,32,199582969,
2022,41,199582969,
2022,41,197173154,
2022,37,197173154,
2022,41,199582967,
2022,41,197173127,
2022,42,197173132,
2022,41,199582927,
2022,32,199582928,
2022,41,197173133,
2022,41,197173135,
2022,41,197173136,
2022,41,197173143,
2022,41,197173146,
2022,41,199582936,
2022,41,197173149,
2022,41,199582939,
2022,41,201328385,
2022,7,181425637,
2022,38,197175562,
2022,41,182426636,
2022,41,182426637,
2022,41,181425811,
2022,3,182426658,
2022,41,182426691,
2022,41,183962100,
2022,38,183961996,
2022,41,191826653,
2022,38,188802750,
2022,41,187214328,
2022,41,187214353,
2022,41,188802797,
2022,41,201329600,
2022,41,187214362,
2022,41,193468468,
2022,41,193468482,
2022,39,195109614,
2022,38,191826643,
2022,41,191826658,
2022,41,193468698,
2022,39,197175627,
2022,41,195109604,
2022,41,197173113,
2022,42,195108395,
2022,42,193466587,
2022,42,190412765,
2022,42,191825542,
2022,42,195108401,
2022,42,197173185,
2022,42,193466590,
2022,42,195108394,
2022,41,182426514,
2022,41,185279187,
2022,41,190414130,
2022,41,193468607,
2022,41,197175181,
2022,41,197175197,
2022,41,182426553,
2022,41,182426605,
2022,41,185279245,
2022,31,185279280,
2022,42,197175102,
2022,41,197175132,
2022,42,193468007,
2022,42,190415064,
2022,42,197175170,
2022,42,193467973,
2022,42,197175201,
2022,41,183961034,
2022,21,187215378,
2022,38,193467694,
2022,38,201329577,
2022,41,190415024,
2022,41,197176018,
2022,41,183962621,
2022,38,199584703,
2022,42,201329754,
2022,5,191826801,
2022,5,199584704,
2022,42,195109806,
2022,42,179175339,
2022,3,177108502,
2022,42,183961209,
2022,41,197175075,
2022,42,179175376,
2022,42,182426198,
2022,42,191826456,
2022,41,179175531,
2022,21,181425529,
2022,42,182426261,
2022,21,195109493,
2022,42,183961207,
2022,3,197175121,
2022,3,197175122,
2022,41,185278958,
2022,3,195109518,
2022,42,183961269,
2022,42,185279057,
2022,41,185279084,
2022,41,187214133,
2022,41,187214122,
2022,41,187214139,
2022,21,193467858,
2022,41,188802508,
2022,42,188802523,
2022,42,188802546,
2022,41,188802564,
2022,1,188802524,
2022,41,188802538,
2022,41,188802539,
2022,42,188802566,
2022,42,195109492,
2022,41,188802651,
2022,21,190414050,
2022,42,190414057,
2022,41,190414049,
2022,3,195109511,
2022,41,191826496,
2022,42,195109521,
2022,41,193467835,
2022,41,191826515,
2022,42,191826521,
2022,41,197175120,
2022,41,193467853,
2022,41,195109476,
2022,41,193467859,
2022,42,193467904,
2022,42,195109564,
2022,41,195109454,
2022,41,195109455,
2022,3,199584035,
2022,3,199584036,
2022,41,195109495,
2022,41,195109513,
2022,21,195109505,
2022,41,197175069,
2022,41,179176198,
2022,4,197176058,
2022,42,199585033,
2022,41,193468868,
2022,42,183962688,
2022,42,179176247,
2022,41,179176283,
2022,41,181426339,
2022,41,179176298,
2022,42,181426490,
2022,3,201330170,
2022,39,201330171,
2022,42,182427201,
2022,42,181426382,
2022,42,182427144,
2022,42,182427157,
2022,42,182427370,
2022,41,182427391,
2022,41,182427471,
2022,41,182427472,
2022,42,182427476,
2022,41,183962765,
2022,41,185279969,
2022,3,187215014,
2022,42,195110247,
2022,42,190415112,
2022,41,185279960,
2022,42,185279973,
2022,42,188803545,
2022,42,188803546,
2022,41,185279988,
2022,41,187214985,
2022,41,185280042,
2022,41,185280079,
2022,41,185280080,
2022,42,185280005,
2022,42,188803497,
2022,41,195110171,
2022,41,187215024,
2022,42,187215040,
2022,3,188803451,
2022,42,187215073,
2022,41,190415282,
2022,41,188803460,
2022,42,188803467,
2022,41,188803841,
2022,41,188803618,
2022,42,190415123,
2022,42,193468827,
2022,1,199585175,
2022,1,199585176,
2022,41,190415127,
2022,42,190415139,
2022,41,190415143,
2022,42,193468836,
2022,41,195110203,
2022,41,191827104,
2022,42,191827109,
2022,41,191827120,
2022,42,193468843,
2022,42,197176144,
2022,42,191827140,
2022,6,197176143,
2022,9,197176143,
2022,41,195110252,
2022,41,193468838,
2022,41,197176159,
2022,41,193468848,
2022,38,195110280,
2022,7,195110303,
2022,39,195110303,
2022,41,193468865,
2022,41,195110240,
2022,42,195110141,
2022,42,195110208,
2022,42,201330178,
2022,42,201330179,
2022,1,201330181,
2022,42,197176178,
2022,41,197176103,
2022,42,197176167,
2022,42,181425488,
2022,42,197173991,
2022,31,179174647,
2022,41,177105917,
2022,42,190413786,
2022,41,177105946,
2022,41,177105982,
2022,41,179174596,
2022,41,179174605,
2022,3,199583708,
2022,42,179174633,
2022,41,185278466,
2022,41,179174694,
2022,41,179174695,
2022,42,182425557,
2022,3,201329462,
2022,41,183960541,
2022,41,179174698,
2022,41,188802555,
2022,41,179174729,
2022,41,181426748,
2022,41,182425535,
2022,42,181426740,
2022,41,181426742,
2022,41,199583816,
2022,41,181425589,
2022,41,181425605,
2022,41,181425587,
2022,41,188802636,
2022,42,183960546,
2022,41,182425600,
2022,41,182425608,
2022,42,182425660,
2022,42,182425669,
2022,38,183960551,
2022,38,183960549,
2022,21,187213924,
2022,42,182425692,
2022,41,187213944,
2022,41,183960568,
2022,41,183960576,
2022,21,183960594,
2022,3,183960596,
2022,3,185278426,
2022,21,183960601,
2022,42,183960602,
2022,34,183960948,
2022,41,183960970,
2022,5,183960986,
2022,3,199583679,
2022,3,199583680,
2022,42,183960587,
2022,42,191825898,
2022,41,183960611,
2022,41,187215391,
2022,42,185278582,
2022,41,185278544,
2022,41,185278646,
2022,41,187214090,
2022,42,185279332,
2022,42,185279369,
2022,31,197173979,
2022,21,188802666,
2022,41,187214143,
2022,41,187214210,
2022,41,187214211,
2022,41,193467036,
2022,41,187214363,
2022,42,197173960,
2022,42,187214194,
2022,42,188802671,
2022,42,188802681,
2022,41,188802674,
2022,42,197173969,
2022,41,188802697,
2022,41,188802706,
2022,41,190413724,
2022,41,190413780,
2022,41,190413688,
2022,42,195108946,
2022,41,197173982,
2022,3,190413718,
2022,41,195108952,
2022,41,190413836,
2022,41,199583692,
2022,41,191825981,
2022,42,191825985,
2022,41,191825997,
2022,42,197173992,
2022,41,191826032,
2022,3,193467165,
2022,5,193467094,
2022,41,195109037,
2022,41,193467184,
2022,42,197174051,
2022,42,197174052,
2022,3,195108972,
2022,41,193467201,
2022,42,193467188,
2022,42,193467189,
2022,41,195108933,
2022,42,197173996,
2022,3,195108951,
2022,42,197174019,
2022,42,197174031,
2022,41,199583716,
2022,42,195108917,
2022,42,197174026,
2022,42,197174027,
2022,42,197174047,
2022,41,197174059,
2022,3,197174098,
2022,41,197174111,
2022,41,197174112,
2022,3,199583945,
2022,42,183962235,
2022,42,179175942,
2022,3,199584443,
2022,42,177107899,
2022,42,179175949,
2022,41,179176168,
2022,42,179176289,
2022,41,182426825,
2022,42,187215440,
2022,41,179175995,
2022,41,179175957,
2022,42,190414755,
2022,42,182426906,
2022,41,179175986,
2022,42,179175979,
2022,42,181426165,
2022,41,187215238,
2022,41,187215297,
2022,42,201330158,
2022,41,187215248,
2022,38,182426888,
2022,5,182426809,
2022,21,182426809,
2022,41,187215308,
2022,42,185279837,
2022,4,187215251,
2022,31,185279900,
2022,41,187215283,
2022,42,185279942,
2022,41,185279689,
2022,42,190414816,
2022,37,190415464,
2022,42,191827361,
2022,31,187215446,
2022,42,187215276,
2022,42,187215286,
2022,3,197175839,
2022,42,187215325,
2022,42,188803760,
2022,41,188803654,
2022,42,188803684,
2022,42,188803737,
2022,31,188803755,
2022,41,188803799,
2022,42,190415484,
2022,42,190415485,
2022,42,190415488,
2022,42,190414860,
2022,41,190414826,
2022,42,190414834,
2022,42,190414841,
2022,42,190414898,
2022,42,190414912,
2022,3,191827373,
2022,31,190414935,
2022,41,190414854,
2022,41,191827396,
2022,42,191827410,
2022,42,195110476,
2022,42,191827422,
2022,38,195110497,
2022,42,193468675,
2022,42,193468664,
2022,41,193468732,
2022,42,193468633,
