data_year,victim_id,injury_id
2022,179111181,4
2022,179111182,4
2022,179111183,4
2022,179111184,4
2022,168104281,4
2022,168104305,4
2022,174464709,4
2022,162828151,6
2022,162828060,4
2022,162828066,4
2022,162828074,4
2022,179112760,5
2022,162828125,4
2022,170952240,5
2022,162828130,5
2022,162828075,2
2022,164892848,4
2022,167103244,4
2022,182818673,4
2022,182818676,4
2022,164892907,4
2022,162827161,4
2022,162827143,5
2022,164892432,4
2022,167103259,4
2022,164894490,4
2022,167103260,4
2022,170952101,5
2022,167104186,4
2022,170952252,4
2022,167104211,4
2022,170952102,5
2022,170952103,5
2022,164892518,5
2022,167103335,5
2022,167103349,4
2022,168103088,4
2022,170951866,4
2022,169632586,4
2022,172872913,4
2022,168103516,5
2022,170952093,5
2022,174463308,2
2022,169632793,4
2022,168103421,4
2022,170952272,4
2022,170952285,5
2022,170952215,5
2022,172872931,5
2022,186959291,4
2022,172872927,5
2022,182818717,4
2022,169632852,4
2022,169632809,5
2022,172872928,5
2022,172872930,4
2022,172872944,4
2022,169632824,8
2022,176074613,6
2022,176074619,4
2022,172873086,4
2022,172872853,4
2022,174463303,5
2022,174463305,4
2022,174463307,4
2022,176074593,4
2022,176074598,5
2022,176074522,4
2022,177482690,4
2022,169632828,4
2022,169632836,4
2022,172874505,4
2022,180759648,5
2022,176075633,4
2022,169632860,4
2022,169632861,4
2022,169632871,4
2022,170952257,4
2022,169632875,4
2022,169632862,4
2022,185224867,4
2022,169632868,4
2022,176077211,4
2022,176077212,4
2022,170952289,4
2022,170952303,4
2022,170952304,4
2022,180759083,4
2022,170952291,4
2022,170952286,5
2022,186959281,4
2022,182816896,5
2022,182818442,4
2022,170952344,4
2022,170952312,3
2022,170952325,4
2022,180758877,5
2022,170952374,4
2022,182816898,5
2022,172874609,4
2022,172874559,4
2022,172874560,4
2022,172874703,4
2022,172874704,4
2022,172874719,5
2022,182816894,5
2022,167104229,5
2022,176077222,4
2022,172874716,4
2022,174464291,4
2022,174464401,3
2022,174464372,5
2022,174464383,5
2022,172874433,5
2022,172874402,4
2022,182818583,4
2022,176075685,4
2022,176075694,4
2022,182818606,4
2022,174464758,4
2022,176075821,4
2022,176076277,4
2022,177483301,5
2022,177483302,5
2022,176075758,5
2022,182818647,4
2022,179112798,5
2022,182818846,5
2022,164894216,4
2022,170953789,4
2022,177483329,4
2022,177483305,5
2022,177483306,5
2022,177483307,4
2022,177483312,5
2022,177483316,5
2022,182818683,2
2022,177483300,2
2022,177483300,4
2022,177483318,5
2022,180760885,4
2022,179112055,6
2022,179113526,4
2022,185225751,1
2022,185225751,4
2022,179112030,4
2022,182819961,4
2022,182817983,4
2022,179112086,4
2022,179112097,4
2022,180759669,4
2022,179112053,4
2022,182818023,4
2022,180759642,4
2022,180759650,4
2022,180759657,4
2022,180760737,4
2022,182818761,4
2022,182818043,4
2022,182818015,5
2022,182818045,4
2022,182818079,6
2022,180759679,4
2022,180759680,4
2022,182818055,6
2022,185225764,4
2022,162828910,5
2022,164893576,2
2022,162828978,2
2022,164893615,5
2022,167104302,5
2022,168104181,5
2022,169633822,5
2022,162828995,4
2022,172874321,4
2022,162829041,4
2022,182818826,4
2022,182818827,4
2022,182818828,5
2022,182818831,5
2022,162828960,4
2022,164893649,4
2022,168104251,5
2022,164893569,4
2022,168104297,5
2022,164893533,5
2022,167104006,4
2022,177484077,5
2022,164893491,4
2022,164893500,2
2022,164893508,4
2022,164893509,4
2022,167104013,4
2022,180760167,5
2022,164893564,4
2022,164893565,4
2022,167104053,4
2022,167104146,4
2022,168104120,5
2022,162829776,4
2022,167104097,4
2022,167104103,4
2022,167104059,5
2022,164894003,4
2022,164894004,4
2022,164894005,4
2022,164894021,4
2022,177484083,5
2022,164894009,4
2022,167104060,5
2022,167104070,4
2022,167104076,4
2022,167104102,4
2022,167104152,4
2022,167104177,4
2022,167104254,5
2022,167104683,5
2022,168104264,1
2022,179112504,5
2022,179112505,5
2022,179112506,5
2022,168104198,4
2022,185226636,5
2022,168104209,2
2022,168104210,4
2022,168104132,4
2022,174464759,4
2022,164894204,4
2022,167104713,4
2022,168104709,4
2022,168104771,4
2022,167104774,4
2022,167104694,4
2022,168104793,4
2022,168104792,1
2022,169633907,5
2022,168104314,4
2022,168104780,4
2022,170953531,5
2022,170953532,5
2022,168104841,4
2022,168104864,1
2022,168104348,3
2022,172874810,4
2022,168104391,5
2022,168104892,4
2022,168104876,4
2022,168104938,4
2022,168104193,5
2022,169634739,4
2022,177483678,5
2022,182818898,4
2022,182818899,4
2022,169633933,4
2022,168104295,5
2022,179112525,4
2022,169634783,4
2022,169634784,4
2022,169633957,5
2022,169633930,4
2022,172874384,4
2022,182818765,4
2022,169633970,4
2022,182820048,6
2022,172874744,5
2022,172874745,5
2022,172874765,4
2022,174464780,4
2022,174465296,4
2022,172874839,4
2022,170952861,4
2022,170952862,5
2022,170952872,4
2022,172874507,4
2022,172874508,4
2022,172874562,4
2022,170952827,5
2022,174464814,4
2022,185226770,4
2022,172874883,1
2022,172874884,4
2022,170952849,3
2022,170952851,4
2022,172874376,5
2022,176076110,3
2022,172874801,4
2022,170952841,4
2022,172874392,4
2022,170952838,5
2022,170952844,4
2022,172874846,4
2022,172874413,5
2022,172874412,4
2022,179112528,4
2022,174464892,3
2022,182820054,4
2022,177484074,4
2022,172874450,4
2022,185227037,5
2022,176076750,4
2022,177484100,5
2022,177484101,5
2022,177484104,4
2022,177484113,5
2022,177484114,5
2022,176076804,5
2022,177484119,4
2022,176076816,4
2022,179113298,4
2022,174464900,4
2022,174464845,4
2022,174464945,5
2022,172874517,4
2022,174464947,4
2022,172874510,4
2022,172874526,4
2022,174465009,4
2022,179112497,5
2022,179112498,5
2022,179112522,5
2022,177484129,4
2022,182820059,5
2022,182820060,5
2022,177484131,5
2022,177484097,5
2022,177484111,3
2022,180760907,4
2022,182820062,5
2022,182820063,5
2022,182820064,5
2022,182820065,5
2022,182820066,5
2022,179113256,5
2022,182819995,5
2022,179113337,5
2022,172874541,4
2022,172874542,4
2022,179112550,4
2022,179113316,4
2022,179113272,5
2022,172874590,4
2022,180760155,4
2022,185226619,4
2022,182819544,5
2022,182819545,5
2022,174465351,6
2022,174465238,4
2022,182818863,5
2022,182819577,4
2022,180760421,4
2022,180760422,4
2022,180760459,4
2022,180760477,5
2022,180760490,5
2022,179112547,5
2022,179112556,4
2022,185226637,5
2022,177483674,5
2022,174465428,5
2022,176076059,4
2022,176076097,4
2022,176076091,5
2022,179112589,5
2022,176076127,4
2022,174465317,5
2022,174465300,5
2022,174465323,4
2022,174465346,5
2022,174465350,4
2022,174465363,4
2022,177483659,4
2022,176076157,4
2022,182818778,4
2022,179112640,4
2022,185226510,4
2022,185226511,5
2022,176076070,4
2022,176076172,4
2022,182819491,5
2022,182819492,5
2022,176076194,4
2022,176076146,5
2022,180760181,4
2022,176076218,4
2022,176076269,4
2022,176076269,7
2022,176076325,4
2022,179112648,5
2022,177483744,5
2022,182818177,5
2022,176076263,5
2022,177483785,5
2022,180760201,4
2022,180760201,8
2022,177483771,5
2022,177483772,4
2022,179112678,5
2022,177483795,4
2022,179112690,4
2022,179112708,4
2022,177483815,4
2022,185225894,5
2022,185225895,5
2022,164893076,4
2022,164893092,4
2022,167103409,5
2022,164893126,4
2022,167103541,4
2022,182818196,5
2022,167103426,4
2022,167103506,4
2022,169632938,4
2022,169632952,4
2022,174464421,4
2022,169632940,4
2022,169632941,4
2022,169632954,4
2022,182818236,4
2022,170952403,4
2022,177483769,4
2022,179112719,5
2022,177483784,4
2022,179112749,5
2022,179112750,5
2022,179112751,5
2022,179112752,5
2022,179112753,5
2022,177483805,4
2022,177483810,2
2022,177483798,5
2022,182818858,5
2022,182818861,5
2022,177483814,4
2022,179112694,4
2022,177483808,4
2022,177483819,4
2022,182818913,5
2022,177483833,4
2022,172874031,4
2022,172874032,4
2022,172874068,4
2022,172874069,4
2022,172874121,4
2022,172874152,4
2022,172874167,4
2022,174464474,4
2022,174464475,4
2022,174464502,4
2022,174464471,4
2022,174464506,4
2022,182818246,3
2022,182818246,6
2022,182818824,4
2022,182818830,5
2022,185226590,4
2022,182818248,5
2022,176077123,4
2022,176075658,4
2022,176075670,4
2022,176075678,4
2022,176075679,4
2022,182818193,4
2022,177483373,4
2022,177483355,4
2022,180759792,5
2022,179112116,4
2022,179112681,4
2022,179112682,4
2022,179112683,4
2022,182818895,4
2022,180760291,5
2022,179112697,4
2022,179112758,4
2022,179112707,5
2022,179112709,4
2022,179112710,4
2022,179112714,4
2022,179112775,4
2022,180760057,4
2022,179112145,4
2022,179112119,4
2022,179112120,4
2022,180760084,4
2022,182818917,5
2022,180760130,4
2022,180760131,2
2022,180760165,5
2022,182818920,4
2022,182818263,3
2022,182818224,4
2022,182818945,4
2022,180760099,4
2022,182818909,4
2022,180760091,5
2022,186960571,5
2022,185226822,4
2022,182818975,4
2022,182818972,5
2022,182819021,4
2022,182819097,4
2022,164894311,5
2022,172872854,4
2022,172872847,4
2022,162828266,5
2022,172872855,5
2022,185224874,5
2022,164892457,4
2022,172873135,4
2022,172873146,4
2022,172872857,4
2022,164894320,8
2022,168103286,4
2022,172872860,5
2022,168103101,4
2022,164894321,4
2022,168104959,4
2022,168103115,4
2022,168103125,4
2022,172872865,5
2022,169632622,8
2022,179111164,4
2022,179111165,4
2022,179111166,4
2022,169632612,5
2022,169632623,5
2022,169632627,5
2022,170951859,4
2022,170951881,4
2022,170952126,4
2022,170952137,4
2022,170952138,4
2022,170952160,2
2022,170952160,4
2022,179111291,4
2022,170951882,5
2022,172872884,5
2022,172872887,4
2022,172872888,4
2022,176076916,4
2022,186959498,4
2022,172872866,4
2022,172872867,4
2022,172872868,4
2022,172872871,4
2022,172872873,4
2022,177482607,4
2022,172873264,4
2022,174463435,5
2022,174463444,4
2022,174463460,4
2022,174463469,4
2022,174463316,5
2022,174463327,4
2022,176074534,5
2022,180758907,6
2022,176074620,4
2022,182819789,5
2022,176074536,4
2022,176074537,4
2022,177482617,4
2022,177482624,5
2022,177482625,4
2022,177482626,5
2022,179111174,5
2022,179111177,4
2022,179111178,4
2022,176076960,4
2022,177484253,4
2022,177484265,4
2022,177484291,4
2022,182819829,5
2022,180758887,4
2022,180758889,5
2022,177484259,4
2022,180760715,5
2022,180758894,4
2022,179113405,4
2022,182817209,4
2022,179113406,4
2022,180760658,4
2022,182817243,4
2022,182817276,4
2022,185224961,5
2022,185226687,4
2022,168105034,3
2022,182817234,4
2022,167103828,4
2022,168103832,4
2022,168103843,4
2022,168103846,4
2022,170952472,4
2022,169633250,4
2022,177483547,5
2022,176075847,5
2022,179112410,5
2022,180759876,4
2022,180759900,4
2022,167104823,5
2022,186960775,2
2022,162829057,4
2022,167104467,5
2022,167104468,5
2022,164893630,5
2022,164893656,4
2022,167104451,5
2022,167104501,5
2022,167104428,4
2022,167104503,4
2022,167104534,4
2022,167104466,5
2022,167104824,5
2022,167104825,5
2022,174465477,4
2022,179113364,5
2022,180760689,4
2022,179112847,5
2022,179112848,5
2022,180760596,4
2022,186961036,5
2022,169634327,2
2022,169634344,5
2022,180760597,5
2022,162828126,4
2022,169634338,4
2022,180760273,5
2022,180760274,5
2022,169634319,4
2022,169634255,2
2022,169634278,4
2022,169634296,4
2022,169634297,4
2022,170953145,4
2022,170953012,4
2022,162828166,5
2022,164892951,5
2022,162828232,4
2022,176076319,5
2022,170953063,4
2022,170953208,4
2022,170953216,5
2022,170953243,4
2022,170953321,5
2022,170953354,4
2022,172874437,4
2022,176076289,2
2022,176076290,5
2022,170953388,4
2022,176076301,5
2022,179112952,5
2022,179112953,2
2022,170953445,5
2022,172874476,4
2022,172874509,5
2022,172874524,4
2022,172874525,4
2022,172874461,4
2022,172874480,4
2022,177483859,4
2022,172874515,2
2022,186961179,5
2022,177483835,5
2022,179112840,4
2022,179112858,4
2022,174464791,4
2022,176076323,4
2022,174464855,5
2022,177483170,5
2022,177483171,4
2022,162828216,5
2022,168103237,4
2022,172874214,6
2022,164892979,4
2022,164892980,5
2022,168103283,5
2022,164893082,4
2022,164893055,5
2022,167103427,4
2022,167103436,4
2022,168103299,4
2022,167103460,4
2022,174463576,4
2022,174463577,4
2022,168103326,5
2022,182818947,5
2022,176076396,4
2022,168104356,4
2022,174464816,4
2022,176076401,4
2022,176076412,4
2022,185226807,4
2022,179112869,4
2022,180760811,4
2022,180760293,4
2022,168104393,5
2022,168104378,4
2022,169633747,5
2022,168103435,4
2022,168104615,4
2022,168104616,4
2022,170952961,5
2022,170952985,4
2022,186959899,5
2022,186960627,5
2022,182819026,4
2022,182818919,4
2022,186959900,4
2022,169634044,4
2022,169634046,4
2022,169634064,5
2022,170953042,4
2022,169634110,3
2022,169634110,4
2022,169634111,5
2022,169634149,4
2022,169634150,4
2022,170953907,4
2022,169634140,4
2022,170953391,5
2022,170953392,4
2022,179112016,4
2022,169634346,4
2022,170953442,5
2022,172874550,4
2022,174463763,5
2022,174463776,4
2022,174463787,4
2022,174463842,4
2022,182817708,4
2022,164892427,4
2022,170951834,5
2022,170951835,5
2022,169632571,6
2022,170951837,1
2022,167104010,4
2022,167104016,5
2022,168104084,5
2022,170952728,4
2022,179112476,4
2022,179112477,4
2022,176075511,4
2022,174464637,4
2022,176075512,4
2022,185225648,5
2022,186960467,4
2022,174463891,5
2022,174463895,4
2022,176075545,5
2022,176075546,5
2022,174463963,4
2022,176075569,5
2022,179111848,4
2022,179111849,4
2022,179111850,4
2022,179111851,4
2022,176075547,4
2022,177483238,4
2022,177483239,5
2022,179111825,4
2022,179111826,4
2022,179111834,4
2022,179111869,4
2022,179111899,4
2022,185225539,5
2022,164895097,4
2022,186960646,2
2022,164893635,4
2022,168104253,2
2022,164893670,5
2022,168104244,5
2022,167104286,4
2022,167104325,5
2022,167104235,4
2022,167104236,4
2022,168104208,4
2022,167104289,4
2022,185226345,4
2022,179112531,4
2022,168104344,4
2022,170952878,4
2022,168104371,4
2022,168104372,4
2022,168104213,4
2022,169634277,4
2022,182819527,5
2022,168104247,4
2022,169634300,4
2022,170952898,4
2022,170952899,4
2022,170952905,5
2022,170952906,5
2022,170952910,4
2022,170952911,5
2022,168105061,5
2022,172874474,4
2022,168105063,5
2022,168104263,4
2022,169635204,1
2022,169634329,3
2022,180759585,4
2022,170953894,4
2022,170953895,4
2022,170953896,4
2022,180759586,5
2022,176076191,5
2022,176076192,5
2022,180759515,4
2022,172874415,4
2022,169634518,4
2022,180759533,5
2022,180759534,5
2022,180759511,4
2022,180759512,5
2022,180759513,5
2022,180759518,4
2022,180759522,5
2022,180759528,5
2022,180759529,5
2022,182817785,4
2022,164892929,4
2022,172874379,4
2022,174464730,4
2022,174464731,4
2022,170953899,4
2022,174464744,4
2022,170953902,4
2022,170952947,4
2022,174464692,4
2022,172874511,4
2022,172874608,2
2022,179112569,4
2022,186960954,4
2022,172874343,3
2022,172874356,4
2022,172874357,4
2022,176076327,4
2022,176076328,4
2022,172874365,5
2022,185226693,1
2022,174464745,4
2022,177483731,5
2022,174464720,4
2022,176076335,4
2022,176076336,5
2022,176076337,4
2022,176076338,5
2022,176076339,5
2022,176076340,5
2022,179112600,4
2022,179112601,4
2022,179112602,4
2022,176076187,5
2022,179112620,4
2022,176076235,4
2022,174464740,4
2022,176076248,5
2022,174464747,5
2022,177483724,4
2022,174464711,4
2022,174464712,4
2022,176076221,5
2022,185226167,4
2022,176076239,5
2022,176076332,2
2022,176076333,4
2022,185226178,4
2022,185226265,4
2022,179112567,5
2022,176076288,4
2022,176076346,4
2022,179112590,4
2022,185226455,5
2022,185226456,5
2022,179112649,4
2022,186960677,2
2022,186960678,2
2022,186960679,4
2022,176076265,4
2022,179112663,4
2022,179112696,5
2022,176076343,4
2022,177483797,4
2022,177483761,4
2022,179112617,4
2022,179112618,4
2022,179112619,4
2022,179112626,4
2022,182820037,4
2022,180760218,4
2022,185226342,4
2022,179112642,4
2022,180760163,4
2022,180760164,4
2022,180760177,4
2022,180760182,4
2022,180760183,4
2022,185226242,4
2022,182819592,4
2022,182819593,5
2022,182819579,4
2022,182819629,2
2022,182819649,4
2022,185226245,4
2022,182819664,4
2022,167103481,5
2022,167103482,5
2022,164892870,4
2022,164894377,4
2022,164894378,5
2022,164894379,5
2022,186959412,4
2022,164892954,4
2022,177482736,5
2022,164892950,4
2022,164892987,5
2022,168103350,4
2022,169633005,5
2022,169633006,5
2022,176074695,4
2022,169633042,5
2022,169633043,5
2022,169633058,4
2022,169632996,5
2022,180759155,5
2022,164893112,4
2022,176074713,5
2022,176074714,5
2022,164893119,5
2022,164893120,5
2022,169633007,5
2022,164893172,4
2022,164893313,5
2022,177482745,5
2022,167103527,5
2022,167103629,4
2022,164893483,5
2022,168103386,4
2022,169633064,4
2022,169633085,5
2022,174464173,4
2022,172873761,5
2022,179111222,5
2022,179111223,5
2022,179111224,5
2022,179111225,5
2022,179111226,5
2022,179111227,5
2022,179111228,5
2022,179111229,5
2022,169633062,5
2022,167103569,4
2022,167103592,4
2022,164893403,5
2022,167103579,5
2022,167103593,4
2022,168104649,4
2022,174464211,5
2022,169633087,4
2022,172873001,5
2022,174464242,5
2022,174464243,5
2022,176074721,4
2022,179111191,5
2022,179111192,5
2022,167103666,4
2022,170951926,4
2022,169633081,4
2022,167103645,4
2022,170951947,5
2022,170951948,5
2022,177482741,4
2022,168103523,1
2022,167103732,4
2022,179111197,5
2022,167103709,4
2022,168103468,4
2022,168103469,4
2022,174463489,5
2022,169634428,4
2022,185224907,4
2022,167103788,4
2022,168103535,4
2022,168103536,4
2022,168103526,4
2022,172873011,5
2022,169633131,4
2022,168103597,5
2022,168103577,4
2022,168103598,5
2022,172873021,6
2022,172873022,4
2022,172873023,6
2022,168103757,4
2022,168103758,4
2022,168103574,5
2022,168103580,5
2022,168103716,5
2022,168103717,5
2022,170951934,4
2022,186959494,5
2022,168103625,4
2022,170952404,4
2022,176074783,5
2022,176074784,5
2022,168103751,5
2022,168103770,4
2022,185224883,4
2022,169633200,4
2022,180759119,5
2022,177482750,5
2022,169633298,5
2022,169633201,4
2022,168105016,4
2022,176074735,5
2022,176074736,5
2022,168103987,4
2022,169633236,5
2022,170951977,3
2022,170951977,8
2022,170951940,5
2022,170951941,5
2022,170951942,5
2022,169633347,5
2022,186959404,5
2022,176074739,4
2022,169633304,4
2022,179111194,5
2022,169633259,5
2022,170951992,1
2022,170951992,4
2022,169634856,4
2022,170951975,4
2022,172873823,5
2022,169633301,5
2022,176074792,5
2022,176074793,5
2022,169633316,4
2022,169633338,4
2022,169633328,4
2022,169633420,4
2022,169633420,8
2022,169633386,4
2022,182817045,5
2022,169633428,5
2022,169633478,4
2022,170951976,4
2022,170951990,4
2022,185224902,4
2022,185224908,4
2022,182817026,5
2022,172873047,4
2022,182817039,4
2022,172873104,4
2022,169633472,3
2022,176074747,4
2022,176074756,4
2022,170952462,4
2022,169633578,5
2022,169633581,5
2022,170952507,4
2022,170952508,4
2022,169633526,5
2022,176074746,2
2022,172873068,5
2022,172873089,4
2022,170952032,5
2022,170952033,4
2022,170952036,4
2022,172873108,3
2022,170952014,5
2022,180759154,4
2022,170952142,4
2022,170952106,5
2022,179111210,4
2022,179111211,4
2022,172873077,4
2022,172873078,5
2022,170952250,4
2022,170952156,4
2022,170952157,4
2022,172873123,5
2022,185225049,4
2022,185225045,4
2022,176074752,4
2022,172873112,4
2022,172873113,4
2022,172873114,4
2022,172874317,5
2022,176074760,5
2022,176074761,5
2022,170952216,5
2022,170952332,5
2022,170952333,5
2022,176074768,4
2022,176074769,5
2022,176074770,5
2022,176074771,5
2022,176074764,5
2022,185224922,5
2022,182817062,4
2022,172873161,6
2022,172873161,8
2022,172873188,4
2022,174463511,4
2022,185224936,4
2022,185224937,5
2022,176074757,4
2022,172873349,4
2022,185224909,4
2022,172874808,5
2022,177482793,5
2022,177482794,4
2022,176074763,4
2022,174464230,5
2022,174464231,5
2022,174464232,5
2022,176074785,1
2022,176074785,2
2022,172873453,4
2022,176074796,4
2022,176074797,5
2022,180759168,4
2022,172873422,4
2022,186959483,4
2022,176074774,4
2022,177482795,4
2022,174463589,4
2022,176074795,5
2022,179111255,5
2022,182817119,4
2022,179111272,4
2022,172873601,5
2022,172873619,4
2022,177482796,5
2022,174463620,4
2022,174463653,4
2022,186959469,4
2022,186959470,4
2022,174463753,5
2022,186959475,1
2022,174463783,4
2022,174463848,4
2022,182817108,4
2022,182817121,5
2022,180759172,4
2022,180759173,8
2022,180759189,2
2022,180759189,6
2022,174464819,6
2022,174464819,8
2022,174464951,4
2022,174463886,4
2022,186959517,5
2022,176074840,5
2022,177482808,4
2022,176074869,4
2022,176074870,4
2022,176074822,4
2022,174463908,5
2022,179111206,4
2022,174464003,5
2022,176074867,5
2022,174464148,5
2022,174464016,4
2022,185225050,5
2022,174464106,5
2022,182817143,5
2022,174464110,5
2022,176074876,5
2022,174464168,3
2022,176074940,4
2022,180759195,2
2022,180759195,6
2022,185225063,2
2022,185225063,6
2022,185225064,2
2022,185225064,6
2022,177482810,5
2022,186959641,5
2022,176074945,5
2022,177482799,4
2022,176074878,4
2022,179111243,4
2022,179111243,7
2022,176074907,4
2022,176074925,5
2022,176074934,4
2022,180759214,4
2022,186959434,4
2022,176074957,4
2022,177482811,5
2022,177482812,5
2022,177482814,5
2022,179111259,4
2022,177482818,5
2022,176075035,5
2022,176075097,4
2022,180759196,3
2022,176075185,5
2022,176075186,4
2022,176075150,4
2022,177482820,4
2022,176075199,4
2022,177482816,4
2022,179111261,5
2022,176075284,5
2022,182817177,4
2022,176075246,4
2022,176075305,4
2022,176075353,4
2022,176075384,4
2022,180759232,4
2022,179111262,4
2022,179111263,4
2022,185224976,4
2022,176075428,5
2022,179111278,4
2022,180759257,5
2022,185224947,4
2022,182817192,4
2022,177482834,4
2022,177482826,4
2022,179111314,5
2022,179111315,5
2022,179111316,5
2022,185224948,4
2022,185224949,3
2022,180759235,4
2022,179111287,6
2022,176075515,4
2022,176075538,4
2022,185224963,5
2022,179111284,5
2022,179111295,6
2022,179111304,4
2022,177482922,4
2022,177482933,4
2022,177482924,4
2022,177482964,5
2022,186959677,4
2022,179111299,4
2022,182817250,4
2022,182817265,4
2022,179111323,4
2022,177483112,5
2022,177483072,5
2022,177483073,5
2022,180759784,4
2022,180759785,5
2022,180759786,5
2022,177483934,4
2022,179111321,4
2022,179111320,5
2022,179111388,5
2022,182817238,4
2022,182817830,4
2022,179111490,5
2022,180759234,5
2022,186959574,5
2022,179111597,4
2022,185224954,5
2022,180759667,5
2022,180759668,5
2022,186959568,5
2022,182817279,4
2022,182817280,5
2022,182817283,8
2022,182817284,4
2022,179111633,5
2022,182817288,4
2022,180759240,4
2022,180759241,4
2022,179111674,5
2022,180759249,4
2022,182817314,4
2022,179111673,4
2022,179111757,4
2022,179111774,5
2022,179111812,4
2022,185224984,4
2022,182817334,4
2022,182817336,4
2022,180759251,4
2022,180759252,5
2022,180759264,4
2022,182817360,4
2022,186959490,4
2022,180758931,4
2022,186959484,5
2022,180758946,1
2022,180758960,4
2022,180758960,6
2022,180758950,5
2022,180758973,4
2022,180758991,5
2022,180758992,5
2022,186959511,1
2022,185225020,4
2022,185225051,4
2022,180758985,4
2022,180758986,4
2022,180759012,4
2022,180759024,4
2022,182817345,4
2022,185225108,4
2022,180759073,4
2022,180759028,4
2022,180759031,4
2022,180759032,4
2022,185225068,4
2022,182817939,5
2022,182817940,5
2022,180759077,5
2022,182817995,4
2022,182818065,4
2022,186959506,4
2022,185225092,4
2022,185225093,4
2022,180759091,4
2022,180759092,5
2022,180759093,5
2022,185225110,5
2022,182817577,4
2022,186959521,4
2022,186959521,7
2022,182817530,4
2022,182817529,5
2022,182817549,5
2022,182817624,5
2022,182817561,5
2022,168104559,4
2022,168104560,4
2022,164894072,4
2022,164894117,8
2022,164894141,4
2022,164894069,4
2022,167105124,4
2022,169634462,4
2022,167105024,5
2022,169634512,4
2022,168104926,4
2022,168104809,5
2022,169634509,4
2022,169634548,4
2022,169634591,4
2022,169634628,4
2022,169634629,4
2022,180760483,5
2022,169634564,4
2022,179112963,5
2022,179112964,5
2022,169634582,3
2022,170953315,4
2022,185226441,5
2022,172875019,4
2022,169634820,5
2022,177483925,4
2022,169634633,5
2022,169634707,4
2022,170953281,4
2022,169634681,5
2022,172874845,4
2022,170953299,4
2022,170953300,5
2022,170953335,5
2022,174465832,4
2022,174465833,5
2022,170953355,5
2022,170953356,4
2022,182819214,3
2022,172874928,5
2022,172874929,5
2022,172874930,5
2022,182819283,4
2022,172874890,4
2022,172875143,4
2022,172874999,5
2022,180760517,5
2022,172875037,4
2022,172875038,4
2022,172875000,2
2022,172875001,4
2022,174465826,4
2022,185226452,4
2022,176076615,4
2022,177483937,5
2022,174465852,4
2022,176077259,4
2022,182819245,5
2022,176076709,4
2022,179112999,4
2022,176076651,4
2022,176076658,4
2022,176076677,5
2022,179113081,4
2022,179113141,4
2022,176076717,4
2022,176076666,4
2022,177483978,4
2022,179113064,4
2022,180760489,4
2022,179113174,4
2022,177484006,4
2022,182819162,4
2022,177484060,4
2022,179113159,5
2022,179113148,4
2022,179113206,4
2022,180760405,5
2022,182819269,5
2022,186960693,5
2022,185226426,5
2022,185226434,5
2022,186960866,4
2022,185226655,5
2022,185226663,4
2022,185226409,5
2022,182819227,4
2022,186960807,4
2022,174463885,4
2022,168103558,4
2022,180759561,4
2022,180759562,4
2022,168103708,5
2022,170952612,4
2022,179111815,4
2022,185225658,5
2022,167103766,5
2022,167103767,5
2022,164893516,2
2022,164893497,4
2022,170952621,4
2022,177483048,5
2022,179111795,5
2022,167105191,4
2022,167105212,4
2022,172873775,4
2022,169634088,4
2022,182817796,4
2022,172873810,4
2022,172873811,5
2022,168103656,4
2022,169634056,4
2022,169634057,4
2022,174463975,4
2022,168103781,4
2022,168105032,4
2022,168103806,4
2022,186959940,5
2022,182817821,1
2022,182817821,6
2022,172873793,5
2022,170952663,5
2022,170952706,5
2022,182817831,5
2022,180759559,4
2022,169634028,5
2022,174463924,6
2022,169634065,5
2022,172873837,5
2022,179111841,5
2022,180759594,4
2022,179111802,6
2022,170953870,4
2022,169634170,5
2022,174464026,5
2022,174464027,5
2022,174464028,5
2022,174464029,5
2022,174464030,5
2022,174464031,5
2022,169634187,5
2022,169634188,5
2022,176074949,5
2022,176074954,5
2022,182817810,4
2022,176075099,5
2022,172873826,5
2022,185225707,4
2022,179111819,5
2022,186960010,4
2022,186960120,5
2022,170952727,4
2022,172873978,5
2022,172873979,5
2022,172874076,4
2022,176075013,4
2022,172874022,4
2022,177483117,4
2022,186960291,4
2022,172874091,5
2022,172874092,5
2022,174464099,4
2022,176075032,4
2022,176075033,5
2022,179111865,2
2022,179111865,3
2022,174464150,4
2022,174464152,4
2022,174464339,5
2022,180759608,4
2022,174464185,4
2022,177483140,4
2022,176076382,5
2022,176076383,5
2022,176075027,4
2022,186960024,4
2022,177483152,4
2022,176075192,5
2022,179111874,5
2022,177483207,4
2022,177483155,4
2022,180759652,5
2022,186959952,5
2022,177483218,4
2022,179111863,4
2022,185225483,4
2022,182817918,4
2022,180759643,4
2022,186960884,4
2022,186960885,4
2022,177483272,5
2022,179111897,4
2022,179111898,4
2022,186959980,4
2022,179111929,5
2022,179111949,5
2022,182817937,4
2022,179111963,4
2022,185225530,4
2022,182817984,4
2022,180759695,5
2022,179111979,4
2022,182817920,5
2022,182817921,4
2022,182817922,4
2022,182817923,4
2022,185225545,5
2022,179111999,5
2022,179112056,4
2022,179112084,4
2022,179112041,4
2022,182817993,4
2022,180759756,4
2022,182818022,5
2022,180759353,4
2022,180759354,4
2022,180759414,4
2022,180759375,5
2022,182818010,5
2022,180759438,4
2022,182818700,4
2022,185225514,5
2022,182818626,4
2022,182818001,3
2022,182818026,4
2022,182818027,5
2022,162829364,4
2022,162829463,4
2022,164894011,4
2022,182819133,1
2022,182819133,3
2022,167104880,5
2022,169635104,4
2022,169635105,5
2022,169635106,5
2022,169635107,5
2022,169635108,5
2022,168104386,4
2022,167104971,4
2022,167104946,4
2022,177483930,4
2022,167104978,4
2022,168104370,4
2022,168104583,5
2022,167105281,5
2022,168104595,5
2022,172874842,4
2022,172874843,4
2022,168104647,4
2022,168104648,5
2022,180760939,5
2022,167104992,4
2022,167104989,4
2022,168104476,5
2022,168104491,4
2022,180760453,5
2022,180760527,4
2022,177483947,5
2022,170953167,4
2022,180760472,4
2022,180760473,4
2022,169635038,4
2022,180760520,5
2022,180760544,5
2022,172874889,6
2022,170953357,4
2022,170953431,5
2022,170953237,4
2022,170953275,5
2022,185226647,5
2022,170953430,4
2022,180760492,4
2022,174465645,5
2022,176076537,4
2022,180760511,4
2022,172874794,4
2022,176076494,4
2022,177483997,6
2022,180760555,5
2022,172874815,4
2022,172874816,1
2022,172874816,3
2022,172874872,8
2022,176076597,4
2022,179112989,5
2022,177483993,4
2022,174465763,5
2022,174465827,5
2022,179113070,4
2022,179113071,4
2022,179113077,5
2022,180760573,3
2022,179113069,4
2022,176076643,5
2022,177484009,4
2022,176076683,5
2022,180760605,4
2022,182819189,4
2022,179113138,4
2022,177484035,4
2022,180760656,5
2022,179113183,4
2022,179113184,4
2022,182819217,5
2022,179113235,1
2022,179113167,5
2022,182819100,4
2022,179113169,4
2022,180760646,4
2022,179113182,5
2022,182819212,4
2022,182819148,4
2022,162827517,4
2022,186960029,5
2022,162827521,4
2022,162827522,4
2022,162827535,1
2022,162827535,2
2022,162827535,4
2022,162827523,4
2022,164893085,4
2022,164893176,4
2022,164893178,5
2022,164893179,4
2022,164892575,4
2022,186959614,4
2022,167103468,4
2022,167103475,4
2022,164893233,4
2022,167104362,2
2022,167104362,4
2022,168104459,4
2022,169632851,5
2022,168103546,4
2022,186959655,5
2022,172873074,4
2022,169632945,4
2022,169632921,4
2022,169632922,4
2022,169632915,4
2022,169632913,4
2022,179111508,1
2022,169632925,4
2022,169632926,4
2022,186959681,4
2022,169634095,8
2022,170953290,4
2022,186959669,4
2022,172873087,4
2022,179111539,5
2022,179111457,4
2022,174463559,5
2022,180759194,4
2022,176074597,4
2022,172874112,5
2022,172874240,4
2022,172873140,4
2022,172873122,5
2022,172873195,4
2022,174463536,4
2022,185225040,4
2022,176074607,5
2022,180759161,5
2022,174463600,4
2022,179111494,4
2022,174463591,4
2022,174463644,4
2022,176074615,4
2022,180759176,4
2022,176074673,4
2022,179111519,5
2022,186959723,4
2022,176075565,4
2022,179111503,4
2022,179111504,4
2022,179111505,4
2022,179111506,4
2022,179111507,6
2022,179111507,8
2022,177483052,4
2022,177483053,4
2022,179111525,5
2022,177484045,4
2022,177484069,5
2022,177483898,4
2022,182817779,4
2022,179111590,4
2022,179111558,4
2022,179111566,5
2022,179111580,4
2022,180759191,4
2022,179111557,4
2022,179111585,4
2022,179111619,4
2022,180759220,4
2022,179111634,5
2022,179111635,5
2022,179111649,4
2022,185225102,4
2022,182817248,5
2022,186959728,5
2022,180759221,5
2022,186959687,4
2022,180759204,4
2022,180759205,4
2022,185225029,1
2022,180759112,4
2022,186959699,4
2022,186959721,1
2022,186959722,5
2022,185225100,5
2022,185225101,5
2022,182817326,4
2022,182817359,4
2022,182817395,5
2022,162829434,4
2022,162829454,4
2022,172874687,5
2022,162829347,5
2022,164894062,4
2022,167104902,4
2022,167104903,4
2022,176076772,5
2022,168104497,5
2022,168104517,5
2022,170953130,4
2022,169634554,4
2022,182819088,5
2022,169634559,4
2022,169634850,3
2022,176076569,4
2022,172874759,4
2022,174465067,4
2022,172874743,5
2022,172874741,4
2022,174465086,4
2022,179112879,4
2022,174465152,4
2022,179112893,5
2022,182819124,4
2022,180760321,5
2022,176076561,4
2022,176076689,4
2022,177483906,6
2022,176076668,4
2022,177483904,4
2022,179112912,4
2022,182819166,4
2022,182819043,4
2022,179112884,4
2022,182819086,4
2022,185226377,4
2022,182819119,5
2022,174463411,5
2022,169632668,4
2022,169632677,5
2022,174463409,4
2022,174463418,4
2022,176075355,5
2022,179111474,4
2022,186960144,5
2022,179111390,5
2022,180759055,4
2022,164893704,4
2022,162830011,5
2022,164894303,4
2022,164894261,4
2022,167105154,5
2022,186961127,4
2022,168105073,4
2022,168105093,4
2022,168105094,4
2022,176076919,7
2022,168105103,4
2022,172875122,4
2022,169634968,4
2022,169634969,5
2022,169634954,4
2022,169634961,4
2022,170953728,4
2022,170953768,4
2022,172875163,4
2022,174465559,4
2022,177484336,5
2022,180760824,4
2022,174465565,4
2022,176077095,5
2022,177484344,5
2022,177484345,5
2022,177484346,5
2022,177484366,4
2022,186961070,5
2022,179113470,4
2022,179113458,2
2022,179113560,4
2022,179113495,4
2022,182819767,4
2022,182820068,4
2022,180760735,5
2022,164893323,5
2022,169633686,4
2022,168104012,4
2022,168104135,4
2022,168104144,4
2022,169633885,5
2022,169633984,5
2022,174464565,4
2022,180760071,4
2022,167104867,5
2022,182819685,5
2022,182819700,4
2022,176076872,4
2022,180760651,4
2022,172874368,5
2022,164893681,4
2022,164893711,4
2022,172874543,4
2022,167104008,4
2022,168104188,5
2022,168104189,5
2022,172874265,2
2022,168104074,4
2022,169634223,4
2022,182818783,5
2022,182818818,5
2022,169634345,5
2022,169634238,5
2022,170952873,4
2022,170952945,6
2022,170952982,5
2022,186960609,4
2022,186960610,5
2022,180760088,4
2022,174464646,4
2022,172874284,4
2022,182818772,5
2022,172874325,4
2022,172874288,4
2022,172874304,1
2022,172874304,2
2022,172874304,8
2022,172874305,4
2022,172874310,5
2022,172874311,5
2022,174464636,5
2022,174464669,4
2022,179112496,4
2022,174464654,4
2022,174464655,4
2022,174464722,4
2022,174464679,4
2022,174464737,4
2022,176076184,5
2022,179112514,5
2022,174464779,5
2022,174464796,4
2022,177483645,5
2022,176076274,4
2022,176076308,4
2022,176076308,6
2022,182818741,4
2022,177483682,5
2022,185226102,4
2022,179112555,4
2022,179112592,5
2022,179112595,4
2022,180760190,5
2022,180760191,5
2022,180760047,5
2022,182818789,5
2022,180760094,4
2022,180760115,4
2022,180760079,5
2022,182818793,4
2022,180760068,4
2022,185225980,5
2022,182818797,5
2022,182818877,4
2022,162830207,5
2022,162830097,5
2022,162830108,4
2022,164894394,4
2022,182820017,5
2022,162830156,4
2022,162830157,4
2022,164894289,4
2022,164894325,4
2022,164894413,5
2022,164894428,4
2022,167105136,4
2022,167105168,5
2022,168104974,5
2022,167105018,4
2022,167105039,4
2022,167105070,4
2022,167105056,4
2022,167105108,4
2022,167105125,4
2022,170953656,4
2022,167105088,6
2022,167105079,6
2022,167105089,4
2022,167105090,4
2022,169635166,4
2022,169635167,5
2022,176077168,5
2022,168104877,5
2022,167105044,4
2022,168104956,4
2022,168104858,5
2022,169635156,4
2022,169635159,5
2022,176077105,4
2022,170953689,4
2022,170953690,4
2022,170953691,5
2022,170953692,4
2022,168104906,5
2022,168104937,4
2022,168104945,5
2022,168104950,4
2022,169635111,5
2022,169635039,4
2022,169635040,5
2022,169635041,4
2022,174465596,4
2022,174465597,4
2022,170953704,4
2022,170953727,5
2022,170953741,5
2022,169635086,4
2022,169635129,4
2022,169635138,4
2022,169635142,4
2022,169635061,5
2022,174465574,4
2022,170953746,5
2022,169635160,4
2022,170953782,4
2022,170953863,4
2022,170953837,4
2022,180760888,8
2022,170953852,5
2022,170953854,5
2022,170953856,4
2022,170953860,4
2022,170953718,4
2022,170953733,4
2022,170953753,5
2022,176077129,6
2022,174465557,4
2022,170953774,1
2022,170953774,2
2022,170953774,8
2022,174465566,4
2022,170953801,4
2022,172875320,4
2022,172875323,2
2022,172875323,6
2022,185226923,5
2022,172875262,4
2022,172875393,5
2022,172875315,4
2022,174465635,4
2022,174465648,4
2022,174465599,5
2022,176077136,4
2022,172875258,4
2022,174465643,4
2022,174465651,5
2022,179113582,4
2022,179113583,4
2022,180760858,4
2022,174465662,4
2022,174465701,4
2022,174465702,4
2022,174465626,4
2022,179113608,4
2022,179113609,4
2022,179113610,4
2022,174465633,4
2022,174465681,4
2022,179113628,4
2022,174465670,4
2022,177484392,5
2022,176077174,4
2022,185226938,5
2022,176077221,5
2022,177484351,4
2022,177484361,4
2022,185226948,4
2022,176077161,4
2022,176077167,4
2022,180760893,5
2022,176077200,4
2022,182820053,4
2022,177484363,2
2022,177484363,3
2022,177484379,4
2022,176077170,5
2022,179113621,4
2022,177484401,2
2022,182819979,4
2022,177484364,5
2022,182819999,4
2022,182820038,4
2022,179113565,4
2022,182820046,4
2022,177484381,4
2022,179113616,4
2022,179113620,4
2022,185226955,3
2022,179113594,4
2022,179113613,4
2022,179113643,5
2022,179113661,5
2022,180760849,5
2022,180760881,4
2022,179113655,6
2022,180760917,5
2022,182819972,5
2022,179113654,4
2022,180760810,5
2022,180760837,4
2022,180760838,4
2022,180760855,4
2022,180760778,5
2022,180760795,5
2022,182819943,5
2022,180760773,4
2022,182820020,5
2022,182819998,4
2022,182820012,4
2022,182819990,4
2022,182819991,4
2022,182819976,5
2022,185227044,5
2022,162830047,4
2022,164894155,4
2022,168104859,5
2022,169634894,4
2022,169634900,4
2022,169634928,4
2022,169634889,5
2022,169634863,4
2022,169634864,4
2022,179113412,4
2022,172875351,4
2022,179113426,5
2022,176076994,4
2022,176077046,5
2022,174465497,4
2022,174465498,4
2022,182819862,4
2022,179113454,4
2022,179113468,5
2022,177484317,4
2022,177484325,4
2022,179113418,4
2022,180760798,5
2022,186961144,5
2022,180760829,4
2022,185227059,5
2022,180760732,4
2022,182819953,4
2022,169633178,4
2022,169633179,4
2022,169633180,4
2022,174465863,5
2022,174465872,4
2022,176075707,4
2022,179112280,4
2022,180759816,5
2022,164892909,5
2022,182818058,5
2022,186960658,5
2022,167105231,4
2022,167105225,4
2022,169633727,4
2022,169633904,4
2022,169634062,4
2022,169634135,4
2022,169634169,4
2022,168103495,5
2022,182818135,4
2022,170952348,4
2022,174464329,4
2022,172873755,4
2022,182818147,5
2022,182818149,5
2022,174464345,5
2022,174464362,4
2022,174464363,5
2022,174464379,4
2022,176075734,5
2022,182818067,4
2022,182818086,5
2022,177483368,4
2022,177483369,4
2022,176075786,4
2022,176075733,5
2022,179112087,4
2022,179112101,4
2022,179112118,4
2022,182818186,4
2022,180759718,4
2022,180759787,5
2022,180759788,5
2022,180759789,4
2022,182818090,5
2022,180759744,4
2022,180759781,4
2022,182818074,4
2022,162829752,4
2022,162829858,5
2022,164895561,4
2022,167104969,4
2022,167104815,5
2022,167104832,4
2022,168104824,4
2022,170953401,5
2022,176076728,6
2022,169634655,4
2022,170953439,5
2022,170953465,4
2022,170953485,4
2022,182819516,4
2022,177484044,4
2022,186961098,4
2022,174465800,4
2022,176076690,4
2022,179113180,5
2022,176076751,4
2022,176076860,4
2022,182819365,6
2022,176076920,4
2022,179113265,4
2022,177484085,4
2022,186961130,4
2022,179113266,4
2022,179113288,5
2022,179113280,1
2022,180760909,4
2022,180760921,4
2022,180760873,4
2022,180760918,4
2022,185226583,4
2022,164892837,5
2022,167104087,4
2022,167104112,4
2022,167104113,4
2022,167104114,4
2022,167104115,4
2022,167104118,4
2022,167104119,4
2022,185225926,1
2022,174464250,5
2022,174464314,4
2022,176075640,4
2022,182817946,4
2022,185226028,4
2022,168103124,5
2022,168103129,5
2022,169632773,5
2022,168103134,5
2022,167103332,4
2022,182817470,4
2022,172872987,5
2022,172872996,5
2022,170951936,4
2022,179111277,4
2022,180758956,5
2022,180758983,4
2022,164892412,5
2022,179111219,1
2022,177483030,4
2022,168103984,5
2022,169633783,4
2022,186960370,5
2022,177483610,5
2022,177483611,5
2022,176075899,5
2022,174464608,4
2022,176075864,4
2022,176075874,4
2022,177483622,4
2022,182818682,5
2022,182818701,4
2022,179112488,4
2022,182818730,3
2022,182818730,6
2022,186960378,4
2022,182818759,5
2022,179113488,4
2022,164895849,4
2022,164895850,4
2022,164895851,4
2022,172875185,5
2022,162829912,4
2022,164894186,4
2022,167105162,4
2022,168104775,4
2022,168104776,4
2022,164895787,5
2022,164895882,5
2022,169634989,5
2022,172875210,4
2022,172875211,5
2022,167104921,5
2022,169634888,4
2022,167104950,5
2022,168104797,4
2022,179113381,2
2022,179113382,4
2022,174465461,4
2022,169634908,5
2022,168104786,4
2022,169634985,4
2022,180760640,2
2022,180760640,4
2022,169635006,5
2022,170953560,4
2022,170953640,4
2022,169635014,5
2022,170953586,4
2022,170953587,5
2022,169634976,5
2022,169634994,4
2022,169634995,4
2022,170953615,2
2022,170953615,3
2022,172875301,5
2022,172875340,4
2022,170953642,4
2022,172875173,5
2022,172875179,3
2022,172875179,4
2022,172875247,4
2022,172875282,4
2022,172875237,4
2022,176076867,4
2022,174465510,5
2022,176076904,5
2022,174465571,4
2022,174465579,4
2022,174465580,4
2022,174465518,4
2022,174465604,5
2022,180760684,5
2022,174465515,4
2022,176076901,4
2022,179113496,5
2022,177484207,5
2022,176077013,4
2022,177484220,4
2022,182819738,5
2022,177484238,5
2022,180760690,5
2022,186961195,5
2022,182819752,5
2022,177484237,4
2022,177484250,5
2022,185227058,5
2022,179113443,5
2022,179113444,4
2022,179113465,5
2022,180760696,5
2022,179113429,4
2022,180760769,6
2022,180760757,5
2022,180760801,2
2022,180760687,4
2022,186961239,5
2022,182819712,5
2022,180760669,4
2022,186961250,4
2022,186961251,4
2022,180760692,4
2022,180760694,4
2022,180760706,4
2022,186961256,4
2022,185226751,5
2022,170952068,4
2022,174464081,4
2022,185225762,5
2022,176075677,4
2022,179111856,4
2022,182817883,5
2022,167104579,5
2022,168104379,5
2022,168104395,5
2022,168104396,4
2022,169634467,4
2022,179113096,4
2022,176076507,4
2022,170953248,5
2022,172874788,4
2022,172874667,4
2022,176076523,5
2022,176076524,5
2022,186960854,4
2022,186960855,5
2022,174464979,4
2022,176076722,3
2022,185226379,5
2022,185226380,5
2022,185226381,5
2022,185226382,4
2022,176076547,4
2022,176076548,5
2022,182819478,5
2022,182819479,5
2022,179113108,4
2022,179113109,4
2022,182819390,1
2022,182819417,4
2022,182819418,4
2022,185226494,4
2022,162828540,5
2022,162828459,5
2022,182818188,5
2022,162827947,5
2022,169633969,4
2022,164892921,5
2022,164893004,4
2022,164893099,5
2022,164893222,4
2022,164893181,4
2022,176075686,4
2022,164893282,4
2022,182818227,2
2022,182818227,7
2022,182818227,8
2022,182818239,5
2022,182818256,5
2022,167103886,4
2022,176075705,4
2022,182818113,6
2022,182818130,5
2022,182818144,4
2022,182818182,5
2022,182818200,4
2022,167103914,4
2022,167103942,4
2022,172873909,1
2022,172873909,3
2022,170953415,4
2022,174464361,4
2022,168103700,5
2022,180759821,4
2022,168103932,4
2022,168104039,4
2022,168103946,4
2022,168103949,4
2022,168103960,4
2022,168103990,5
2022,168104025,5
2022,168104169,4
2022,182818241,5
2022,169634131,5
2022,169634209,4
2022,170953684,5
2022,169634262,5
2022,169634295,4
2022,169634275,4
2022,169634312,5
2022,169634331,4
2022,172873763,4
2022,180759895,4
2022,180759896,5
2022,174464412,2
2022,170953808,5
2022,176075822,4
2022,170953802,4
2022,170953838,4
2022,180759912,5
2022,172873795,4
2022,170953811,4
2022,182818231,5
2022,172873825,4
2022,172873771,4
2022,176075814,5
2022,176075815,5
2022,176075816,5
2022,182818133,5
2022,177483330,4
2022,172873778,5
2022,172873867,4
2022,176075844,4
2022,182818143,4
2022,182818168,4
2022,172873833,4
2022,172873846,4
2022,172873928,5
2022,172873925,5
2022,174464390,2
2022,174464395,4
2022,177483346,5
2022,172874057,5
2022,172875461,1
2022,174464463,4
2022,182818162,6
2022,174464470,4
2022,174464625,6
2022,174464626,4
2022,174464627,4
2022,174464434,3
2022,174464435,4
2022,174464507,4
2022,174464449,4
2022,174464515,4
2022,174464521,4
2022,174464495,4
2022,174465879,4
2022,174465846,4
2022,174465870,4
2022,182818173,5
2022,182818202,4
2022,176075950,4
2022,182818240,4
2022,176075919,4
2022,176076053,4
2022,176076008,5
2022,182818201,4
2022,176076148,4
2022,176076073,4
2022,177483341,4
2022,185225876,1
2022,177483375,4
2022,176076158,4
2022,182818313,4
2022,177483409,4
2022,177483416,4
2022,179112141,5
2022,177483468,5
2022,177483469,5
2022,179112088,5
2022,182818249,4
2022,182818260,4
2022,177483446,8
2022,177483492,4
2022,179112110,5
2022,179112195,4
2022,179112178,4
2022,179112150,4
2022,179112161,5
2022,180759916,4
2022,179112263,4
2022,179112203,4
2022,180759823,5
2022,179112257,4
2022,179112224,4
2022,179112275,4
2022,180759890,4
2022,182818329,4
2022,180759800,4
2022,180759801,5
2022,180759802,5
2022,180759803,5
2022,180759804,5
2022,180759805,5
2022,182818345,4
2022,180760349,5
2022,180760373,4
2022,180759736,4
2022,180759817,4
2022,180760272,5
2022,182818342,4
2022,180759748,4
2022,180759795,4
2022,180759809,4
2022,180759810,4
2022,180759826,5
2022,182818320,4
2022,182818288,4
2022,182818393,5
2022,186960221,5
2022,186960222,5
2022,182818403,4
2022,182818357,4
2022,182818382,4
2022,182818385,4
2022,182818490,4
2022,182818390,4
2022,182818407,3
2022,182818409,4
2022,182818438,4
2022,164893959,5
2022,182819504,4
2022,170953443,5
2022,176076734,1
2022,180760391,4
2022,182819398,4
2022,179113189,5
2022,182818262,4
2022,182818265,5
2022,182818278,4
2022,169633025,4
2022,172874200,5
2022,168104385,4
2022,170952463,4
2022,186960564,4
2022,172874239,4
2022,174465860,4
2022,172873994,4
2022,176075651,4
2022,176077193,4
2022,186960594,5
2022,179112166,4
2022,179112202,5
2022,168104586,4
2022,168104695,4
2022,169634689,4
2022,170953480,5
2022,174465289,4
2022,176076828,4
2022,186960887,5
2022,180760614,5
2022,167105142,4
2022,164894352,2
2022,162830184,4
2022,162830149,4
2022,164894455,4
2022,164894297,5
2022,162830176,4
2022,168104681,5
2022,162830152,4
2022,162830172,4
2022,164895720,5
2022,164894362,4
2022,164894363,5
2022,167105178,4
2022,168104761,4
2022,168104762,4
2022,164894495,4
2022,170953562,5
2022,174465408,4
2022,179113489,6
2022,167105102,5
2022,179113421,4
2022,168104896,5
2022,167105138,4
2022,167105187,4
2022,169634887,5
2022,169634893,5
2022,168104756,3
2022,169634860,4
2022,169634865,4
2022,167105128,4
2022,176077065,4
2022,168104682,5
2022,168104743,5
2022,168104768,5
2022,168105089,5
2022,169634892,4
2022,169634902,4
2022,169634942,5
2022,172875111,5
2022,169634945,4
2022,179113471,5
2022,169634977,4
2022,170953601,4
2022,170953584,4
2022,174465451,5
2022,172875119,4
2022,170953858,4
2022,170953617,4
2022,172875269,4
2022,179113478,4
2022,172875252,4
2022,172875296,4
2022,174465589,4
2022,172875227,4
2022,174465625,4
2022,174465664,4
2022,174465373,4
2022,174465403,4
2022,174465488,4
2022,174465400,4
2022,176077117,4
2022,176077118,4
2022,174465375,5
2022,174465417,4
2022,174465427,4
2022,174465895,2
2022,174465895,4
2022,174465896,4
2022,176076844,4
2022,176076845,5
2022,179113494,4
2022,174465392,5
2022,176076855,5
2022,176076856,5
2022,176076857,5
2022,174465886,4
2022,174465890,5
2022,174465900,4
2022,176076888,5
2022,174465884,4
2022,177484224,4
2022,176076899,4
2022,176076914,4
2022,176076846,4
2022,176076874,5
2022,174465609,5
2022,174465452,5
2022,176076902,4
2022,176076923,4
2022,176076933,4
2022,177484222,5
2022,176076995,4
2022,176077005,4
2022,179113424,5
2022,176076969,4
2022,176076989,5
2022,176077039,5
2022,179113477,4
2022,176077012,4
2022,176077040,4
2022,176077083,5
2022,177484210,4
2022,179113510,4
2022,176077085,4
2022,176077090,4
2022,176077084,4
2022,176077080,4
2022,177484240,4
2022,177484287,4
2022,177484304,5
2022,177484315,4
2022,177484261,5
2022,177484298,4
2022,177484316,5
2022,177484310,5
2022,180760718,4
2022,179113575,4
2022,179113502,4
2022,179113504,4
2022,179113505,4
2022,179113552,4
2022,179113552,8
2022,180760743,4
2022,179113586,5
2022,179113512,5
2022,179113521,4
2022,179113529,4
2022,180760817,4
2022,185226945,5
2022,180760761,4
2022,180760794,4
2022,180760836,4
2022,185226968,5
2022,180760618,4
2022,180760619,5
2022,180760620,5
2022,180760700,4
2022,182819855,4
2022,182819888,5
2022,182819824,5
2022,182819825,5
2022,182819826,5
2022,182819827,5
2022,182819848,5
2022,182819899,4
2022,182819918,4
2022,162828552,5
2022,162828547,4
2022,162828555,4
2022,162828579,5
2022,164893857,5
2022,168105037,4
2022,164893951,4
2022,172874122,5
2022,172874123,5
2022,167103901,5
2022,167103937,4
2022,167103938,4
2022,167103939,4
2022,167103851,4
2022,179112321,4
2022,176075764,4
2022,176075765,4
2022,176075766,4
2022,179112297,4
2022,168103900,4
2022,168104058,4
2022,168103885,4
2022,170952546,4
2022,168103918,5
2022,179112314,4
2022,169633446,4
2022,169633441,5
2022,169633552,4
2022,185226200,4
2022,185226202,3
2022,170952565,4
2022,170952585,4
2022,170952586,4
2022,170952589,5
2022,182818595,5
2022,182818613,4
2022,170952610,4
2022,179112305,4
2022,182818542,5
2022,170952631,4
2022,170952635,4
2022,179112353,4
2022,172874115,5
2022,180759944,4
2022,179112417,4
2022,172874140,5
2022,172874159,4
2022,172874160,4
2022,182818580,5
2022,172874331,5
2022,172874163,5
2022,176075701,4
2022,172874217,4
2022,172874235,5
2022,172874236,5
2022,172874237,5
2022,172874238,5
2022,180759956,4
2022,180759957,4
2022,176075723,5
2022,174464557,4
2022,185226128,5
2022,174464610,4
2022,174464597,4
2022,176075742,5
2022,176075762,4
2022,185226303,4
2022,176075777,5
2022,176075790,5
2022,176075792,4
2022,176075807,4
2022,176075808,4
2022,176075812,5
2022,179112345,4
2022,179112412,4
2022,182818603,5
2022,177483500,4
2022,179112387,4
2022,185226877,1
2022,180759991,4
2022,179112437,5
2022,179112431,4
2022,180760045,4
2022,180759861,4
2022,180759862,4
2022,180760350,4
2022,180760378,6
2022,180760378,7
2022,180759902,4
2022,185227050,4
2022,185227052,4
2022,185227053,4
2022,182819399,4
2022,180759854,4
2022,180759899,4
2022,182819130,4
2022,185226284,4
2022,185226285,4
2022,182819349,5
2022,186960301,4
2022,168104627,5
2022,164894108,4
2022,167104997,5
2022,167104770,4
2022,169634680,4
2022,169634693,5
2022,172874864,4
2022,169634717,4
2022,169634725,4
2022,169634726,4
2022,168104579,5
2022,169634753,4
2022,169634691,5
2022,170953925,4
2022,172874904,4
2022,176076794,4
2022,176076801,4
2022,176076809,4
2022,176076748,4
2022,177484161,5
2022,176076770,4
2022,176076793,5
2022,177484179,4
2022,185226623,5
2022,182819572,5
2022,180760665,5
2022,182819617,5
2022,180760568,4
2022,180760569,5
2022,182819634,5
2022,162830069,4
2022,169634773,4
2022,169634774,4
2022,169634775,5
2022,172875161,4
2022,167104849,4
2022,167104851,4
2022,168104589,4
2022,168104814,5
2022,182819698,4
2022,169634727,4
2022,170953764,4
2022,170953693,5
2022,170953694,5
2022,172875238,4
2022,176076815,4
2022,174465421,5
2022,174465422,4
2022,174465362,4
2022,182819725,5
2022,176076963,4
2022,176076981,4
2022,176076797,4
2022,176076848,5
2022,179113351,4
2022,177484127,4
2022,179113371,4
2022,179113293,4
2022,182819696,5
2022,179113368,4
2022,179113310,4
2022,179113353,4
2022,179113317,4
2022,180760534,5
2022,180760600,4
2022,180760627,4
2022,182819716,4
2022,182819717,5
2022,182819732,4
2022,182819735,4
2022,182818463,4
2022,162828779,4
2022,164893062,4
2022,164894621,4
2022,167104693,5
2022,169633023,5
2022,170952539,4
2022,169633027,4
2022,169633028,4
2022,169633029,4
2022,167104760,4
2022,167104761,4
2022,167104714,4
2022,172874047,4
2022,172874048,4
2022,172874049,4
2022,168103659,5
2022,174464419,4
2022,168103671,4
2022,168103672,4
2022,168103673,4
2022,168103686,4
2022,169633054,4
2022,169633055,4
2022,169633056,4
2022,169633057,4
2022,170952465,5
2022,176077203,4
2022,169633112,5
2022,169633113,5
2022,170952499,4
2022,170952502,4
2022,170952504,5
2022,170952560,4
2022,179112194,4
2022,179112214,5
2022,170952559,4
2022,172874286,4
2022,177483360,4
2022,172874039,4
2022,174464499,4
2022,172874107,4
2022,172874116,4
2022,172874040,4
2022,172874101,4
2022,174464428,4
2022,174464437,5
2022,174464426,4
2022,176075645,5
2022,182818474,4
2022,174464522,5
2022,174464523,5
2022,174464484,4
2022,174464485,4
2022,174464589,4
2022,174464573,5
2022,174464574,5
2022,176077179,4
2022,176077208,4
2022,176077210,4
2022,176075741,4
2022,176075680,4
2022,176075681,5
2022,176075702,5
2022,176075716,5
2022,176075717,5
2022,177483392,4
2022,176075708,4
2022,176075709,4
2022,176075667,4
2022,185226759,1
2022,177483415,4
2022,177483402,4
2022,177483405,4
2022,182818499,4
2022,179112243,4
2022,179112293,4
2022,179112291,4
2022,179112292,4
2022,182818497,4
2022,179112303,4
2022,182819265,5
2022,180759866,4
2022,182818527,4
2022,182818592,4
2022,182818510,4
2022,182818607,5
2022,182818670,4
2022,185226137,5
2022,182818696,4
2022,182818577,4
2022,168104359,4
2022,186960938,4
2022,172874620,4
2022,174464910,5
2022,182819083,4
2022,182819084,4
2022,162827326,4
2022,162827334,4
2022,162827345,4
2022,164892512,5
2022,177482760,4
2022,170951973,4
2022,174463367,5
2022,172873008,1
2022,174463370,4
2022,174463375,4
2022,176075217,5
2022,176075270,4
2022,179111312,4
2022,180759683,4
2022,180759705,4
2022,180759750,4
2022,180759752,5
2022,167105265,4
2022,162829530,5
2022,164893669,5
2022,182819108,4
2022,164893693,4
2022,162829264,4
2022,174464868,5
2022,180760469,5
2022,164893738,4
2022,170953060,1
2022,177484395,5
2022,177484396,5
2022,174464898,3
2022,174464922,4
2022,164893819,4
2022,164893820,4
2022,164893841,4
2022,182819137,5
2022,164893874,4
2022,177484409,4
2022,164894019,4
2022,164893831,4
2022,164893957,4
2022,167104775,4
2022,164895486,4
2022,182819045,2
2022,167104845,4
2022,167104883,5
2022,167105199,4
2022,167105207,4
2022,185226611,4
2022,185226628,5
2022,185226629,8
2022,182819174,4
2022,182819202,4
2022,167105045,5
2022,168104927,5
2022,168104916,4
2022,168104917,5
2022,168104933,5
2022,182819067,4
2022,172874663,4
2022,168104929,4
2022,168104948,4
2022,168104949,4
2022,177484358,5
2022,169634841,4
2022,169634615,4
2022,169634732,5
2022,169634595,5
2022,172874677,4
2022,170953142,3
2022,169634671,4
2022,185226639,5
2022,185226640,5
2022,169634756,5
2022,170953124,5
2022,169634749,5
2022,169634750,5
2022,169634751,5
2022,169634752,5
2022,169634728,4
2022,170953360,4
2022,170953269,4
2022,170953406,4
2022,180760471,5
2022,170953575,4
2022,170953330,6
2022,170953461,4
2022,170953437,4
2022,172874879,4
2022,170953629,4
2022,182819251,5
2022,172874806,3
2022,172874817,4
2022,172874847,4
2022,174465006,5
2022,174465014,4
2022,174465015,4
2022,176076472,5
2022,174465057,5
2022,177484377,5
2022,172874949,5
2022,172875057,4
2022,172875350,4
2022,174465166,5
2022,174465161,5
2022,176076398,4
2022,174465117,4
2022,174465157,4
2022,174465134,4
2022,177484408,4
2022,174465160,4
2022,176076498,4
2022,176076532,5
2022,176076594,4
2022,176076663,4
2022,176076746,4
2022,180760448,4
2022,176076685,8
2022,176076715,4
2022,176076636,4
2022,177484440,4
2022,176076776,4
2022,177484432,5
2022,177484433,4
2022,186960891,4
2022,176077258,4
2022,177484451,5
2022,177484501,4
2022,177484521,1
2022,177484521,6
2022,177484521,8
2022,186961056,3
2022,182819328,4
2022,177484513,4
2022,177484514,4
2022,177484519,5
2022,177484499,4
2022,177484510,4
2022,177484516,5
2022,179113006,1
2022,180760514,5
2022,177484528,5
2022,185226374,5
2022,179113044,4
2022,179113140,4
2022,180760940,4
2022,180760943,4
2022,179113153,4
2022,179113192,5
2022,179113139,4
2022,180760482,4
2022,179113224,4
2022,179113181,4
2022,180760540,4
2022,179113202,4
2022,180760327,4
2022,180760361,5
2022,180760410,4
2022,180760330,5
2022,180760386,4
2022,180760440,5
2022,180760441,5
2022,180760336,3
2022,180760366,4
2022,180760367,4
2022,185226514,4
2022,180760404,4
2022,182819457,3
2022,182819482,4
2022,182819503,4
2022,185226784,5
2022,169632655,4
2022,176074545,5
2022,174464406,4
2022,177482833,5
2022,176074546,4
2022,176074547,4
2022,177482835,4
2022,177482836,5
2022,177482837,5
2022,185225342,2
2022,185225343,5
2022,177482843,5
2022,182817016,4
2022,182817017,4
2022,180759315,4
2022,172872951,4
2022,186959449,5
2022,174463359,5
2022,180759834,4
2022,180759819,4
2022,182817277,4
2022,169632619,4
2022,169632625,4
2022,167103367,4
2022,168103146,4
2022,170951950,4
2022,170951887,4
2022,174463615,4
2022,172872903,5
2022,174463374,1
2022,176074527,4
2022,177482672,4
2022,182816924,4
2022,162829403,5
2022,164893739,5
2022,172874518,4
2022,168105055,4
2022,167104367,5
2022,162829436,4
2022,162829450,5
2022,162829451,5
2022,167104222,4
2022,164893742,5
2022,168105059,5
2022,172874528,4
2022,164893873,4
2022,174464807,5
2022,170952993,4
2022,164893816,5
2022,164893851,4
2022,168104256,4
2022,168104274,4
2022,168104275,5
2022,168104296,5
2022,167104416,4
2022,167104432,4
2022,169634373,4
2022,167104342,5
2022,176076271,4
2022,167104356,5
2022,167104366,4
2022,167104373,4
2022,168104307,4
2022,168104332,5
2022,169634427,5
2022,174464828,5
2022,169634422,5
2022,168104365,4
2022,168104366,4
2022,170952964,4
2022,168104474,4
2022,169634508,5
2022,169634590,4
2022,169634610,4
2022,169634637,4
2022,169634659,4
2022,169634683,4
2022,169634767,4
2022,170953026,4
2022,170953027,4
2022,170953033,4
2022,186960810,5
2022,170952978,4
2022,170953021,4
2022,169634718,5
2022,170953031,5
2022,176076264,4
2022,170953051,4
2022,170953055,4
2022,170953071,5
2022,174464841,4
2022,172874569,4
2022,170953211,4
2022,170953212,5
2022,174464836,5
2022,170953094,4
2022,172874570,3
2022,172874598,4
2022,172874771,4
2022,172874772,4
2022,174464821,4
2022,174464824,4
2022,172874668,4
2022,174464832,4
2022,176076349,4
2022,176076366,4
2022,176076367,4
2022,174465059,4
2022,174465216,5
2022,174465135,4
2022,174465136,4
2022,174465148,5
2022,174465156,4
2022,174465193,5
2022,174465194,5
2022,176076362,5
2022,176076402,4
2022,176076410,5
2022,176076421,4
2022,176076433,4
2022,176076487,4
2022,176076492,6
2022,180760305,4
2022,180760306,4
2022,179112831,4
2022,179112832,4
2022,177483838,4
2022,177483831,4
2022,177483855,4
2022,182818981,4
2022,177483843,5
2022,177483844,5
2022,179112784,5
2022,179112793,5
2022,179112804,4
2022,177483872,4
2022,177483854,4
2022,179112755,5
2022,179112773,5
2022,179112824,5
2022,179112825,5
2022,180760253,5
2022,179112805,4
2022,179112806,4
2022,179112890,4
2022,179112821,5
2022,180760230,4
2022,180760216,4
2022,180760237,5
2022,180760257,4
2022,180760304,4
2022,180760283,4
2022,180760284,4
2022,164745172,4
2022,168103114,5
2022,164745189,4
2022,167103281,4
2022,168103126,5
2022,167103285,4
2022,168103130,5
2022,168103131,4
2022,167103299,4
2022,168103135,5
2022,182816959,5
2022,168103136,4
2022,179111615,5
2022,168103274,5
2022,167103283,6
2022,168103150,4
2022,172872838,5
2022,169632591,4
2022,177482631,5
2022,170951847,4
2022,169632600,5
2022,168103234,4
2022,168103261,5
2022,168103262,5
2022,169632581,4
2022,169632607,4
2022,168103282,4
2022,170951858,5
2022,169632582,4
2022,169632606,1
2022,169632606,6
2022,170951865,5
2022,182816916,2
2022,182816916,6
2022,170951892,5
2022,170951895,4
2022,170951921,5
2022,170951995,5
2022,170951996,4
2022,170952008,5
2022,172872836,5
2022,172872885,5
2022,172872890,4
2022,172872912,4
2022,176074502,5
2022,176074503,5
2022,174463351,4
2022,174463356,4
2022,177482637,8
2022,182816969,5
2022,174463597,4
2022,177482651,5
2022,177482652,4
2022,174463604,2
2022,174463604,6
2022,177482653,4
2022,182816927,5
2022,177482658,4
2022,177482662,4
2022,177482663,5
2022,174463655,4
2022,177482673,4
2022,177482674,8
2022,179111400,4
2022,179111400,8
2022,176074610,4
2022,186959392,5
2022,179111146,5
2022,179111318,4
2022,179111327,5
2022,177482697,4
2022,179111128,4
2022,186959322,4
2022,186959323,4
2022,186959324,4
2022,179111264,5
2022,179111265,5
2022,179111136,5
2022,179111137,5
2022,179111138,5
2022,177482999,4
2022,185224816,1
2022,185224816,2
2022,185224816,3
2022,185224816,6
2022,185224816,8
2022,177483015,4
2022,179111153,4
2022,177483026,5
2022,179111598,5
2022,179111599,5
2022,179111600,5
2022,179111616,5
2022,179111130,5
2022,179111583,5
2022,179111596,4
2022,185224802,5
2022,182816987,5
2022,179111687,2
2022,179111687,4
2022,180758903,4
2022,185224827,5
2022,182816993,6
2022,182816993,8
2022,185224813,5
2022,185224830,5
2022,185224831,4
2022,182816879,4
2022,185224828,5
2022,182816853,5
2022,182816858,5
2022,185224785,5
2022,185224786,5
2022,185224787,4
2022,182816859,4
2022,182816861,4
2022,182816868,4
2022,182816871,5
2022,185224794,5
2022,182816874,5
2022,185224797,5
2022,186959330,5
2022,167104110,5
2022,182819199,5
2022,168104246,4
2022,167104298,4
2022,168104266,5
2022,168104267,5
2022,168104300,4
2022,169634231,4
2022,169634127,4
2022,177483722,4
2022,174464757,4
2022,172874409,4
2022,172874434,5
2022,174464803,4
2022,174464804,4
2022,186960512,4
2022,172874442,4
2022,179112984,4
2022,179112998,4
2022,180760075,5
2022,177483708,4
2022,177483709,4
2022,177483726,4
2022,179113209,4
2022,182819263,5
2022,180760067,4
2022,182816840,4
2022,180758874,5
2022,179111100,5
2022,176074572,5
2022,177482616,5
2022,180758880,5
2022,182816909,5
2022,179111103,4
2022,180758873,4
2022,168104134,4
2022,170952770,4
2022,176075916,4
2022,179113118,4
2022,182818817,4
2022,182818835,4
2022,168104170,4
2022,168104220,4
2022,170952821,4
2022,170952866,4
2022,182818738,5
2022,182818769,4
2022,179112508,5
2022,176076852,5
2022,182818805,5
2022,179112470,5
2022,182818839,4
2022,169633184,4
2022,172875463,4
2022,179112199,4
2022,186960490,4
2022,176076812,4
2022,182819653,4
2022,169634742,4
2022,185226562,4
2022,177483875,6
2022,164893243,5
2022,162830242,6
2022,169633361,5
2022,182818708,4
2022,164893280,4
2022,168103822,5
2022,177483518,4
2022,164893422,4
2022,167104003,4
2022,168103886,6
2022,169633359,4
2022,182818756,5
2022,182818757,5
2022,170952544,4
2022,180759982,4
2022,169633419,4
2022,170952645,4
2022,170952671,5
2022,172874216,4
2022,172874206,4
2022,172874220,4
2022,179112346,2
2022,179112346,3
2022,174464519,4
2022,174464520,5
2022,174464539,5
2022,174464561,4
2022,174464575,1
2022,174464540,5
2022,174464553,5
2022,174464554,5
2022,174464577,5
2022,180759954,4
2022,174464658,4
2022,176075835,5
2022,176075841,4
2022,176075834,4
2022,177483564,4
2022,180759986,5
2022,179112328,4
2022,177483581,4
2022,177483585,5
2022,182818755,4
2022,179112342,4
2022,180759939,4
2022,179112347,4
2022,179112401,4
2022,180760027,4
2022,180759917,6
2022,180759918,4
2022,185225906,6
2022,185225908,5
2022,185225909,5
2022,185225910,5
2022,180759958,4
2022,180759976,4
2022,180759970,4
2022,182818703,4
2022,164894084,4
2022,182819692,4
2022,185226892,4
2022,185226893,5
2022,179113373,2
2022,169634815,4
2022,164894135,4
2022,164894177,4
2022,167104830,5
2022,164894190,4
2022,167104975,4
2022,186961074,4
2022,168104808,4
2022,167104872,4
2022,168104751,4
2022,168104764,4
2022,168104967,5
2022,168104987,4
2022,168104988,4
2022,168105065,4
2022,168105066,4
2022,168105070,4
2022,169634891,4
2022,170953551,4
2022,172875105,4
2022,180760704,5
2022,176076896,4
2022,170953543,6
2022,170953555,4
2022,174465540,4
2022,174465541,5
2022,174465542,5
2022,170953569,4
2022,172875078,4
2022,170953616,5
2022,170953652,4
2022,170953653,5
2022,170953585,5
2022,174465494,5
2022,174465495,5
2022,174465496,5
2022,180760632,4
2022,172875115,4
2022,172875131,4
2022,174465449,6
2022,174465450,5
2022,172875162,4
2022,176077059,4
2022,176077062,4
2022,174465458,4
2022,174465465,4
2022,174465841,5
2022,174465616,4
2022,176076909,4
2022,179113331,5
2022,185227042,4
2022,176076913,4
2022,176076925,5
2022,176076930,4
2022,179113341,4
2022,180760661,4
2022,177484175,4
2022,177484180,4
2022,177484191,4
2022,179113349,4
2022,177484212,5
2022,180760709,4
2022,179113343,4
2022,179113344,4
2022,182819792,4
2022,179113354,4
2022,180760734,4
2022,180760736,4
2022,180760754,5
2022,179113370,4
2022,180760698,4
2022,180760602,4
2022,180760666,4
2022,186961081,6
2022,182819808,4
2022,182819737,4
2022,182819798,5
2022,167103964,4
2022,182817687,5
2022,164892571,4
2022,162827647,4
2022,162827648,4
2022,176075568,5
2022,162827674,4
2022,162827718,4
2022,164892525,4
2022,164892534,4
2022,185225600,5
2022,164892559,5
2022,170952048,4
2022,164892609,4
2022,164892610,4
2022,168103216,5
2022,169632683,4
2022,164892613,6
2022,174464570,4
2022,164892639,6
2022,167105230,5
2022,168103185,2
2022,167105222,4
2022,167105224,4
2022,185225700,4
2022,167104064,4
2022,167104081,4
2022,167104063,5
2022,174464643,4
2022,169632688,4
2022,168103251,4
2022,168103260,4
2022,168103304,5
2022,168103312,5
2022,169632694,5
2022,169632691,4
2022,169632692,4
2022,172874018,4
2022,168103335,4
2022,172874036,4
2022,172874037,5
2022,169632713,4
2022,169632723,4
2022,169632741,5
2022,169632743,4
2022,170952011,1
2022,169632748,5
2022,169632749,4
2022,169633118,4
2022,169633134,5
2022,185225527,4
2022,185225527,8
2022,169632734,4
2022,177482974,2
2022,169632757,2
2022,172875474,2
2022,170952166,4
2022,170952127,4
2022,170952229,4
2022,172874176,5
2022,170952918,4
2022,170952952,4
2022,182817676,4
2022,174464672,3
2022,172874224,4
2022,172874291,4
2022,172874292,4
2022,179111565,4
2022,172874443,4
2022,182817659,4
2022,172874277,4
2022,174464677,6
2022,174464688,4
2022,174464680,4
2022,182817668,5
2022,174464704,4
2022,174464713,4
2022,176075503,4
2022,176075504,4
2022,176075562,5
2022,176075469,4
2022,180759419,4
2022,182817678,5
2022,176075497,4
2022,180759425,4
2022,180759426,4
2022,176075620,4
2022,185225540,4
2022,177483057,2
2022,177483061,5
2022,177483075,4
2022,182817688,4
2022,177483108,4
2022,179111693,5
2022,179111627,5
2022,180759500,4
2022,179111713,4
2022,182817737,5
2022,179111729,4
2022,179111715,4
2022,179111716,5
2022,180759407,2
2022,182817690,5
2022,180759422,2
2022,180759424,5
2022,182817711,5
2022,185225608,4
2022,180759391,5
2022,182817715,4
2022,182817718,4
2022,182817734,4
2022,182817744,4
2022,182817780,5
2022,182817791,2
2022,169634359,4
2022,164893835,4
2022,162829649,5
2022,164893842,4
2022,164894056,4
2022,164894183,4
2022,168104432,4
2022,172875526,1
2022,164893882,5
2022,164893849,4
2022,176076549,4
2022,168104512,4
2022,168104513,5
2022,164893877,4
2022,164893870,4
2022,167104665,4
2022,172875322,4
2022,172875385,4
2022,186961062,4
2022,172875332,4
2022,168104494,4
2022,168104414,4
2022,172875394,4
2022,172875395,4
2022,170953419,4
2022,170953486,4
2022,170953487,4
2022,172875366,4
2022,170953526,4
2022,170953270,4
2022,176076607,4
2022,176077244,4
2022,176077244,8
2022,177484428,4
2022,172875529,5
2022,172875530,5
2022,172875359,4
2022,172875369,5
2022,172875370,5
2022,172875371,5
2022,172875372,5
2022,172875373,5
2022,172875374,5
2022,182819475,4
2022,172875412,4
2022,174465761,4
2022,174465652,4
2022,174465683,4
2022,174465736,4
2022,174465755,5
2022,174465756,5
2022,174465798,4
2022,176077262,4
2022,176077265,4
2022,176076650,4
2022,176076617,1
2022,176076625,4
2022,176076632,4
2022,176076687,4
2022,176076700,4
2022,176076702,4
2022,176076725,4
2022,176076644,4
2022,177484462,4
2022,177484476,4
2022,180760914,4
2022,177484488,4
2022,180760933,4
2022,180760934,4
2022,179113186,5
2022,179113176,4
2022,179113239,4
2022,179113144,4
